account contact,0,17,17,100%
acid rain,0,18,18,100%
acre parcel,0,20,20,100%
adam sandler,0,32,32,100%
administration announces,0,26,26,100%
administration proposes,0,25,25,100%
air freshener,0,30,30,100%
air fresheners,0,25,25,100%
air tonight,0,40,40,100%
al pacino,0,26,26,100%
amityville horror,0,35,35,100%
appreciation day,0,25,25,100%
aretha franklin,0,103,103,100%
arrest people,0,24,24,100%
ashley flores,0,35,35,100%
ashley olsen,0,36,36,100%
ask alice,0,33,33,100%
ask allison,0,18,18,100%
aston martin,0,26,26,100%
avril lavigne,0,32,32,100%
ball pit,0,22,22,100%
barry soetoro,0,33,33,100%
bay packers,0,24,24,100%
beanie babies,0,21,21,100%
beauty tips,0,22,22,100%
ben savage,0,17,17,100%
bermuda triangle,0,45,45,100%
bernardino shooter,0,17,17,100%
bill murray,0,39,39,100%
blake griffin,0,23,23,100%
blue waffle,0,43,43,100%
board airplane,0,19,19,100%
bob barker,0,22,22,100%
bobby mcferrin,0,27,27,100%
bonsai kittens,0,27,27,100%
bottle caps,0,26,26,100%
bow wow,0,47,47,100%
bowl sunday,0,23,23,100%
bowling alley,0,20,20,100%
boy scouts,0,20,20,100%
brad pitt,0,64,64,100%
bradley cooper,0,17,17,100%
brandon lee,0,22,22,100%
bristol palin,0,22,22,100%
bruce davis,0,22,22,100%
bruce lee,0,26,26,100%
bucket challenge,0,78,78,100%
bull day,0,22,22,100%
bull sperm,0,18,18,100%
bullet gang,0,29,29,100%
bungee jump,0,34,34,100%
c clotheslin,0,27,27,100%
caitlyn jenner,0,21,21,100%
calico cats,0,30,30,100%
call center,0,26,26,100%
candy canes,0,21,21,100%
cane spider,0,19,19,100%
canola oil,0,41,41,100%
car crash,0,27,27,100%
car salesman,0,26,26,100%
card trick,0,19,19,100%
care act,0,20,20,100%
care aisle,0,19,19,100%
carrie underwood,0,36,36,100%
casey anthony,0,27,27,100%
cattle guards,0,35,35,100%
cause genital,0,17,17,100%
celebrity death,0,35,35,100%
celebrity news,0,22,22,100%
celine dion,0,20,20,100%
cesar millan,0,52,52,100%
chapo guzman,0,33,33,100%
charles manson,0,64,64,100%
cheerleader poops,0,18,18,100%
chef boyardee,0,39,39,100%
children grades,0,24,24,100%
cia agent,0,18,18,100%
claim president,0,30,30,100%
clara bow,0,20,20,100%
clearing snow,0,17,17,100%
clinking glasses,0,20,20,100%
club soda,0,37,37,100%
cocaine possession,0,23,23,100%
commit crimes,0,22,22,100%
condemns racism,0,18,18,100%
condom challenge,0,55,55,100%
cook county,0,29,29,100%
cookie monster,0,21,21,100%
coulter refuses,0,19,19,100%
county correctional,0,21,21,100%
coward user,0,24,24,100%
cross dress,0,33,33,100%
cross publishing,0,24,24,100%
ctivation infowar,0,114,114,100%
cure asthma,0,20,20,100%
currant politics,0,24,24,100%
cyber monday,0,27,27,100%
daniel craig,0,17,17,100%
david letterman,0,17,17,100%
david rice,0,19,19,100%
david rockefeller,0,29,29,100%
davidson dealership,0,26,26,100%
dawn part,0,30,30,100%
death hoax,0,166,166,100%
death row,0,45,45,100%
del rey,0,23,23,100%
denzel washington,0,40,40,100%
dick act,0,27,27,100%
doctor save,0,22,22,100%
dog meat,0,41,41,100%
dog whisperer,0,25,25,100%
donkey kong,0,47,47,100%
doritos factory,0,17,17,100%
doug christie,0,20,20,100%
download play,0,19,19,100%
dr phil,0,24,24,100%
drinking age,0,94,94,100%
drinking cold,0,24,24,100%
drug lab,0,19,19,100%
duane martin,0,45,45,100%
dwayne johnson,0,36,36,100%
eagle scout,0,33,33,100%
ealthcare premium,0,18,18,100%
earl jones,0,49,49,100%
ebola vaccine,0,25,25,100%
ebola victim,0,20,20,100%
ecome membe,0,18,18,100%
ee res,0,38,38,100%
egg whites,0,38,38,100%
elp sprea,0,26,26,100%
emergency call,0,21,21,100%
eminent domain,0,19,19,100%
emon juic,0,21,21,100%
empire news,0,33,33,100%
eneration neura,0,114,114,100%
energy drink,0,41,41,100%
energy drinks,0,25,25,100%
ennis michae,0,18,18,100%
entertainment videos,0,19,19,100%
eople wel,0,19,19,100%
eporter updat,0,22,22,100%
error messages,0,29,29,100%
et lates,0,70,70,100%
evice fre,0,19,19,100%
ewsletter sig,0,56,56,100%
executive order,0,87,87,100%
executive orders,0,25,25,100%
eye drops,0,21,21,100%
eyewitness account,0,42,42,100%
facebook account,0,20,20,100%
family matters,0,20,20,100%
fbi admits,0,19,19,100%
fbi raid,0,25,25,100%
feminine care,0,21,21,100%
fiction summary,0,21,21,100%
fifty shades,0,57,57,100%
fist fight,0,34,34,100%
flag lapel,0,37,37,100%
florida woman,0,19,19,100%
flu shot,0,26,26,100%
flu vaccine,0,17,17,100%
food safety,0,27,27,100%
fortune cookies,0,47,47,100%
francis condemns,0,18,18,100%
gabriel iglesias,0,41,41,100%
gang initiates,0,32,32,100%
gang list,0,39,39,100%
gang member,0,38,38,100%
gang rally,0,17,17,100%
gas stations,0,34,34,100%
gas tank,0,18,18,100%
gene hackman,0,30,30,100%
george zimmerman,0,152,152,100%
giant hawaiian,0,17,17,100%
gift card,0,107,107,100%
girl pregnant,0,24,24,100%
glade plugins,0,17,17,100%
god rest,0,38,38,100%
gold plate,0,43,43,100%
google earth,0,19,19,100%
gun ownership,0,26,26,100%
guns n,0,30,30,100%
guy fieri,0,25,25,100%
haiku poetry,0,26,26,100%
hail satan,0,17,17,100%
hair extensions,0,37,37,100%
hank williams,0,36,36,100%
hannel illustratio,0,19,19,100%
harley davidson,0,31,31,100%
harry potter,0,101,101,100%
head shoulders,0,17,17,100%
head transplant,0,26,26,100%
heart transplant,0,62,62,100%
heartless felons,0,18,18,100%
hello kitty,0,53,53,100%
highspeed rail,0,19,19,100%
hite identit,0,21,21,100%
hoaxes rumors,0,18,18,100%
homeland terrorism,0,34,34,100%
homeless man,0,53,53,100%
horse thief,0,21,21,100%
house republicans,0,22,22,100%
ht staf,0,26,26,100%
husband s,0,21,21,100%
i d,0,19,19,100%
ice bucket,0,83,83,100%
ife httpwwwinfowarscomwpcontentuploadsbrainforceejp,0,114,114,100%
ig pharm,0,24,24,100%
ign ge,0,65,65,100%
il pullin,0,22,22,100%
illennium copyrigh,0,19,19,100%
imes environmen,0,23,23,100%
ind brai,0,114,114,100%
instagram google,0,20,20,100%
internet hoaxes,0,35,35,100%
inweis erstmal,0,17,17,100%
ise infowarsco,0,18,18,100%
islam rally,0,20,20,100%
itzhak perlman,0,19,19,100%
jaden smith,0,88,88,100%
jamie dornan,0,28,28,100%
jane sanders,0,20,20,100%
jeddah saudi,0,23,23,100%
jeff gordon,0,75,75,100%
jeremy meeks,0,29,29,100%
jim henson,0,28,28,100%
jim porter,0,20,20,100%
joanie loves,0,19,19,100%
joaquin el,0,26,26,100%
joe biden,0,83,83,100%
joe montana,0,54,54,100%
joey fatone,0,19,19,100%
john edwards,0,22,22,100%
johnny bravo,0,22,22,100%
johns hopkins,0,21,21,100%
johnstown pa,0,23,23,100%
jon heder,0,35,35,100%
jong un,0,28,28,100%
judd nelson,0,39,39,100%
julie andrews,0,50,50,100%
kid rock,0,41,41,100%
kim hunter,0,106,106,100%
kim jong,0,35,35,100%
knockout game,0,24,24,100%
kurt sutter,0,17,17,100%
l jackson,0,50,50,100%
la gang,0,20,20,100%
ladies room,0,30,30,100%
lady gaga,0,25,25,100%
lama personality,0,19,19,100%
lana del,0,25,25,100%
lapel pins,0,27,27,100%
lauryn hill,0,30,30,100%
law licenses,0,17,17,100%
lawrence s,0,18,18,100%
lazy fools,0,40,40,100%
lc compan,0,19,19,100%
lease hel,0,26,26,100%
lection seaso,0,17,17,100%
lgbt march,0,17,17,100%
lgbtq appreciation,0,31,31,100%
lil bow,0,26,26,100%
lion king,0,26,26,100%
lip switc,0,114,114,100%
lisa lopes,0,41,41,100%
living inside,0,26,26,100%
llustration muc,0,18,18,100%
lood pressur,0,20,20,100%
lop guest,0,17,17,100%
loretto chapel,0,38,38,100%
lothesline faceboo,0,26,26,100%
macaulay culkin,0,21,21,100%
mage credit,0,28,28,100%
magic dragon,0,37,37,100%
make america,0,24,24,100%
malaysia airlines,0,113,113,100%
marc ecko,0,17,17,100%
marco polo,0,25,25,100%
marcus bachmann,0,22,22,100%
margaret sanger,0,24,24,100%
marisa tomei,0,17,17,100%
mark mcgrath,0,30,30,100%
marlin perkins,0,17,17,100%
mart meter,0,23,23,100%
martin lawrence,0,46,46,100%
maryland middle,0,29,29,100%
mass murder,0,17,17,100%
meek mill,0,41,41,100%
mens basketball,0,24,24,100%
merry gentlemen,0,36,36,100%
meryl streep,0,17,17,100%
mi smar,0,26,26,100%
michael jordan,0,45,45,100%
michael kors,0,41,41,100%
missile system,0,19,19,100%
mississippi river,0,19,19,100%
missouri pig,0,29,29,100%
modernization act,0,22,22,100%
monica lewinsky,0,37,37,100%
monsanto cucumbers,0,19,19,100%
moon landing,0,39,39,100%
moon melon,0,20,20,100%
motorcycle gang,0,17,17,100%
motorcycle owners,0,43,43,100%
motorcycle rally,0,21,21,100%
mr peebles,0,21,21,100%
muslim awareness,0,20,20,100%
muslim museum,0,22,22,100%
muslim prayer,0,27,27,100%
n chill,0,24,24,100%
n roses,0,27,27,100%
neal boortz,0,25,25,100%
netflix n,0,23,23,100%
news music,0,17,17,100%
news nerd,0,18,18,100%
news site,0,22,22,100%
news source,0,17,17,100%
news website,0,24,24,100%
night vision,0,30,30,100%
nsa trojan,0,25,25,100%
oglala sioux,0,74,74,100%
ompany right,0,19,19,100%
ones infowar,0,70,70,100%
ones youtub,0,38,38,100%
ood wast,0,20,20,100%
orce fli,0,95,95,100%
orce nex,0,114,114,100%
ord sharin,0,26,26,100%
order making,0,21,21,100%
orget follo,0,26,26,100%
os bric,0,19,19,100%
otice fli,0,19,19,100%
outreach program,0,94,94,100%
overweight customers,0,19,19,100%
ownload mobil,0,19,19,100%
part b,0,22,22,100%
patient zero,0,26,26,100%
paul mccartney,0,33,33,100%
paula deen,0,39,39,100%
pawn stars,0,19,19,100%
pdate p,0,21,21,100%
peech system,0,19,19,100%
penny brown,0,41,41,100%
personality test,0,61,61,100%
peyton manning,0,42,42,100%
phil collins,0,20,20,100%
philip morris,0,36,36,100%
phyllis diller,0,50,50,100%
pick bluebonnets,0,22,22,100%
pig brothel,0,22,22,100%
pink cross,0,24,24,100%
pit bull,0,34,34,100%
place orcas,0,19,19,100%
plastic bottle,0,22,22,100%
plastic surgery,0,24,24,100%
pm link,0,17,17,100%
porsche dealer,0,21,21,100%
potter books,0,20,20,100%
powerball jackpot,0,20,20,100%
powerball winners,0,17,17,100%
pread wor,0,26,26,100%
preparedness bill,0,31,31,100%
president jim,0,20,20,100%
president joe,0,17,17,100%
prison cell,0,21,21,100%
prune juice,0,23,23,100%
quizzes politics,0,17,17,100%
r smit,0,21,21,100%
rail link,0,18,18,100%
rain forc,0,209,209,100%
reast cance,0,18,18,100%
ree toda,0,20,20,100%
report claims,0,25,25,100%
rest ye,0,38,38,100%
rew relate,0,51,51,100%
rew stor,0,19,19,100%
rfid chip,0,18,18,100%
rice atchison,0,20,20,100%
ringo starr,0,34,34,100%
roast beef,0,51,51,100%
robert lewis,0,18,18,100%
robert mugabe,0,21,21,100%
robin williams,0,36,36,100%
romney i,0,21,21,100%
ronald reagan,0,27,27,100%
row inmate,0,20,20,100%
rtikel teile,0,52,52,100%
rubber johnny,0,19,19,100%
s energy,0,17,17,100%
safety modernization,0,22,22,100%
samuel l,0,50,50,100%
santa fe,0,18,18,100%
sasha grey,0,31,31,100%
saudi billionaire,0,18,18,100%
saul alinsky,0,20,20,100%
school canteens,0,37,37,100%
scout certificates,0,25,25,100%
seaworld employees,0,19,19,100%
security benefits,0,22,22,100%
serena williams,0,32,32,100%
service agent,0,39,39,100%
sharia law,0,54,54,100%
sherlock holmes,0,40,40,100%
si da,0,22,22,100%
sioux tribe,0,20,20,100%
smith claims,0,34,34,100%
south park,0,71,71,100%
space station,0,40,40,100%
sport quizzes,0,24,24,100%
stanley kubrick,0,19,19,100%
state troopers,0,37,37,100%
stephen collins,0,64,64,100%
steve irwin,0,33,33,100%
steve urkel,0,30,30,100%
stop serving,0,18,18,100%
store owner,0,20,20,100%
store santa,0,20,20,100%
student id,0,21,21,100%
student loans,0,45,45,100%
sugar ray,0,18,18,100%
suns energy,0,40,40,100%
swiffer wet,0,28,28,100%
sylvester stallone,0,35,35,100%
tail number,0,53,53,100%
tate min,0,116,116,100%
taya kyle,0,20,20,100%
terrorism preparedness,0,32,32,100%
test drive,0,36,36,100%
ticket frenzy,0,24,24,100%
tiger woods,0,47,47,100%
tisha campbell,0,23,23,100%
tommy chong,0,27,27,100%
tore feature,0,17,17,100%
travis barker,0,40,40,100%
trayvon martin,0,79,79,100%
tree octopus,0,18,18,100%
tribe reports,0,18,18,100%
ttpwwwinfowarscomwpcontentuploadsbrainforceejpg httpwwwinfowarsstorecomhealthandwellnessinfowarslifebrainforcehtmlimstzrwuutm_campaigninfowarsplacementutm_sourceinfowarscomutm_mediumwidgetutm_contentbrainforc,0,114,114,100%
ttpwwwinfowarsstorecomhealthandwellnessinfowarslifebrainforcehtmlimstzrwuutm_campaigninfowarsplacementutm_sourceinfowarscomutm_mediumwidgetutm_contentbrainforce brai,0,95,95,100%
ttpwwwinfowarsstorecomhealthandwellnessinfowarslifebrainforcehtmlimstzrwuutm_campaigninfowarsplacementutm_sourceinfowarscomutm_mediumwidgetutm_contentbrainforce httpwwwinfowarsstorecomhealthandwellnessinfowarslifebrainforcehtmlimstzrwuutm_campaigninfowarsplacementutm_sourceinfowarscomutm_mediumwidgetutm_contentbrainforc,0,114,114,100%
tumblr rss,0,17,17,100%
tupac shakur,0,18,18,100%
turn facebook,0,18,18,100%
university student,0,20,20,100%
upercharge stat,0,114,114,100%
valerie jarrett,0,20,20,100%
ver wonde,0,18,18,100%
videos shop,0,17,17,100%
violation re,0,40,40,100%
waffles disease,0,21,21,100%
washington times,0,17,17,100%
westboro baptist,0,17,17,100%
wet jet,0,23,23,100%
wheelchair basketball,0,17,17,100%
whisperer cesar,0,17,17,100%
william hung,0,35,35,100%
wireless bungee,0,40,40,100%
wisdom teeth,0,28,28,100%
witch supercharg,0,114,114,100%
witter pleas,0,26,26,100%
woman s,0,28,28,100%
word golf,0,26,26,100%
x barack,0,24,24,100%
ydrogen peroxid,0,21,21,100%
ye merry,0,36,36,100%
yelp sues,0,17,17,100%
ynda mape,0,25,25,100%
yolanda saldivar,0,46,46,100%
yomi kim,0,97,97,100%
zimmerman wins,0,22,22,100%
marilyn monroe,1,195,196,99%
justin bieber,1,142,143,99%
birth certificate,1,125,126,99%
nelson mandela,1,92,93,99%
dinosaur egg,1,85,86,99%
child support,1,82,83,99%
marijuana cigarettes,1,80,81,99%
marlboro m,1,70,71,99%
berlin museum,1,68,69,99%
south dakota,1,65,66,98%
bill cosby,1,63,64,98%
columbia university,1,56,57,98%
el chapo,2,107,109,98%
oj simpson,1,53,54,98%
lauryl sulfate,1,51,52,98%
san bernardino,1,51,52,98%
willie nelson,1,51,52,98%
czech republic,1,49,50,98%
sodium lauryl,1,48,49,98%
michael vick,1,44,45,98%
christmas eve,1,43,44,98%
chris christie,1,41,42,98%
dont worry,1,41,42,98%
egg hatches,1,41,42,98%
cabbage patch,1,40,41,98%
dianne feinstein,1,40,41,98%
george washington,2,78,80,98%
m brand,1,39,40,98%
conspiracy theories,1,38,39,97%
sandy hook,2,76,78,97%
pm reply,6,215,221,97%
brand marijuana,1,35,36,97%
michele bachmann,2,69,71,97%
pope francis,9,308,317,97%
martin luther,3,102,105,97%
miley cyrus,1,34,35,97%
adolf hitler,1,33,34,97%
pm report,1,33,34,97%
clothing line,1,31,32,97%
maya angelou,1,31,32,97%
ree trad,1,31,32,97%
entury wir,1,30,31,97%
hadron collider,1,30,31,97%
nancy pelosi,1,30,31,97%
john cleese,1,29,30,97%
killer whale,1,29,30,97%
sarah palin,15,435,450,97%
ika viru,1,28,29,97%
donald trumps,2,55,57,96%
tim hortons,2,55,57,96%
hurricane sandy,1,27,28,96%
walter matthau,1,27,28,96%
business sport,1,26,27,96%
hursday octobe,1,26,27,96%
mark twain,1,26,27,96%
minimum wage,1,26,27,96%
rights activists,1,26,27,96%
gift cards,2,51,53,96%
earth day,1,25,26,96%
hurricane isabel,1,25,26,96%
jimmy carter,1,25,26,96%
joe arpaio,1,25,26,96%
kylie jenner,1,25,26,96%
obama campaign,3,74,77,96%
keith richards,1,24,25,96%
r obam,1,24,25,96%
t l,1,24,25,96%
tax refunds,2,47,49,96%
plastic bags,1,23,24,96%
hobby lobby,2,45,47,96%
discover sign,3,67,70,96%
derek jeter,1,22,23,96%
edia bia,1,22,23,96%
rfid chips,1,22,23,96%
twelve days,1,22,23,96%
news story,2,43,45,96%
baby jesus,1,21,22,95%
baptist church,1,21,22,95%
chris kyle,1,21,22,95%
communist rules,1,21,22,95%
google maps,2,42,44,95%
jackie chan,1,21,22,95%
pearl harbor,1,21,22,95%
pinterest instagram,1,21,22,95%
taff write,1,21,22,95%
bill clinton,3,60,63,95%
dobo chronicle,1,20,21,95%
edia matter,1,20,21,95%
eople sa,1,20,21,95%
ignore tue,1,20,21,95%
kevin bacon,1,20,21,95%
news service,1,20,21,95%
oprah winfrey,6,120,126,95%
s death,1,20,21,95%
share facebook,1,20,21,95%
spider eggs,1,20,21,95%
type page,2,40,42,95%
ampaign trai,1,19,20,95%
baby ruth,1,19,20,95%
jerry lewis,1,19,20,95%
reply favorite,17,318,335,95%
george carlin,2,37,39,95%
colorado springs,1,18,19,95%
dearborn michigan,1,18,19,95%
johnson johnson,1,18,19,95%
member posts,2,36,38,95%
page page,2,36,38,95%
tax dollars,1,18,19,95%
peace prize,2,35,37,95%
s daughter,2,35,37,95%
avid broc,1,17,18,94%
du home,1,17,18,94%
freddie gray,1,17,18,94%
health politics,1,17,18,94%
klux klan,4,68,72,94%
mall busines,1,17,18,94%
online shopping,1,17,18,94%
page type,2,34,36,94%
phillip morris,1,17,18,94%
ball girl,1,16,17,94%
chain letter,1,16,17,94%
g h,1,16,17,94%
grocery coupons,1,16,17,94%
oung wome,1,16,17,94%
patch dolls,1,16,17,94%
schools i,1,16,17,94%
search posts,1,16,17,94%
shop shop,1,16,17,94%
strike cigarettes,1,16,17,94%
walt disneys,1,16,17,94%
ku klux,4,62,66,94%
president obama,32,496,528,94%
god s,2,30,32,94%
report abusive,3,44,47,94%
barack hussein,2,29,31,94%
hussein obama,2,29,31,94%
outube channe,3,43,46,93%
abraham lincoln,3,42,45,93%
article fact,2,27,29,93%
government shutdown,2,27,29,93%
kanye west,14,189,203,93%
user id,4,54,58,93%
north america,3,40,43,93%
eart diseas,2,26,28,93%
mmune syste,2,26,28,93%
sheriff joe,2,26,28,93%
type article,2,26,28,93%
entertainment business,2,25,27,93%
news stories,2,25,27,93%
share pin,2,25,27,93%
site search,2,25,27,93%
walt disney,6,75,81,93%
weight loss,2,25,27,93%
amber alert,4,49,53,92%
fran ais,2,24,26,92%
politics science,3,36,39,92%
president obamas,3,36,39,92%
department store,2,23,25,92%
sports tech,4,46,50,92%
facebook page,3,34,37,92%
donald trump,37,413,450,92%
airlines flight,8,88,96,92%
ccess pipelin,3,33,36,92%
lso lik,2,22,24,92%
orth dakot,3,33,36,92%
copyright violation,4,43,47,91%
man s,3,32,35,91%
flu virus,2,21,23,91%
st louis,2,21,23,91%
zodiac killer,2,21,23,91%
saudi arabia,6,62,68,91%
clip shows,4,41,45,91%
bullet barack,2,20,22,91%
halal meat,5,50,55,91%
ol s,2,20,22,91%
thomas jefferson,6,60,66,91%
wan na,2,20,22,91%
facebook users,4,39,43,91%
lady michelle,3,29,32,91%
share info,3,29,32,91%
news pro,8,77,85,91%
dr pepper,5,48,53,91%
country music,2,19,21,90%
deutsch nederlands,2,19,21,90%
editorial criticizes,2,19,21,90%
google tumblr,2,19,21,90%
kurt vonnegut,2,19,21,90%
life support,2,19,21,90%
odesta email,2,19,21,90%
s deutsch,2,19,21,90%
space shuttle,2,19,21,90%
times times,6,57,63,90%
id card,3,28,31,90%
play download,4,37,41,90%
walter reed,4,37,41,90%
elvis presley,7,64,71,90%
clint eastwood,2,18,20,90%
hief executiv,2,18,20,90%
legends information,3,27,30,90%
music fashion,2,18,20,90%
pumpkin spice,2,18,20,90%
t matter,2,18,20,90%
bill gates,3,26,29,90%
society sports,5,43,48,90%
drug news,8,68,76,89%
f g,2,17,19,89%
food drink,2,17,19,89%
james bond,2,17,19,89%
post navigation,2,17,19,89%
post report,6,51,57,89%
report spam,4,34,38,89%
snopes page,2,17,19,89%
coca cola,5,42,47,89%
president barack,13,106,119,89%
world s,9,73,82,89%
angelina jolie,3,24,27,89%
animal rights,3,24,27,89%
article rumor,9,72,81,89%
blog home,2,16,18,89%
brooke army,2,16,18,89%
commit suicide,2,16,18,89%
drug lord,4,32,36,89%
ebola virus,2,16,18,89%
f kennedy,4,32,36,89%
games sports,2,16,18,89%
ights reserve,3,24,27,89%
ohn mccai,2,16,18,89%
politics religion,8,64,72,89%
sex offenders,2,16,18,89%
tech post,3,24,27,89%
tesla spacex,2,16,18,89%
tv shows,2,16,18,89%
tweet email,7,53,60,88%
college students,2,15,17,88%
disney gods,2,15,17,88%
entertainment living,2,15,17,88%
fashion news,2,15,17,88%
gods goddesses,2,15,17,88%
humor games,2,15,17,88%
ime ge,2,15,17,88%
living fun,2,15,17,88%
login join,2,15,17,88%
pop culture,2,15,17,88%
think i,2,15,17,88%
taco bell,9,67,76,88%
mel gibson,5,37,42,88%
humor industries,8,59,67,88%
basketball team,3,22,25,88%
john f,4,29,33,88%
science entertainment,4,29,33,88%
ben carson,14,101,115,88%
tweet share,5,36,41,88%
akota acces,6,42,48,88%
jesus christ,3,21,24,88%
labor day,4,28,32,88%
racine wi,4,28,32,88%
wi scanner,4,28,32,88%
religion society,7,48,55,87%
t centur,6,41,47,87%
business times,4,27,31,87%
gold star,4,27,31,87%
vladimir putin,35,235,270,87%
osama bin,19,127,146,87%
arts business,9,60,69,87%
h i,3,20,23,87%
obamas birth,3,20,23,87%
conspiracy theory,5,33,38,87%
academics arts,9,59,68,87%
health hobbies,9,59,68,87%
hobbies humor,9,59,68,87%
didn t,14,91,105,87%
post subject,6,39,45,87%
trophy points,4,26,30,87%
browse trends,9,58,67,87%
monitor favorites,9,58,67,87%
reality vlaamse,32,204,236,86%
media vladimir,33,210,243,86%
vlaamse media,33,210,243,86%
nations vaccines,28,178,206,86%
vaccines vineyard,29,184,213,86%
gw bush,3,19,22,86%
home politics,3,19,22,86%
sport world,3,19,22,86%
david emery,4,25,29,86%
family members,4,25,29,86%
la times,4,25,29,86%
legend update,4,25,29,86%
science technology,4,25,29,86%
wall street,4,25,29,86%
business entertainment,18,112,130,86%
obama s,47,286,333,86%
dihydrogen monoxide,3,18,21,86%
e f,3,18,21,86%
espa ol,5,30,35,86%
i ll,3,18,21,86%
photo credit,3,18,21,86%
pm snopes,10,60,70,86%
videos news,3,18,21,86%
merry christmas,10,59,69,86%
entertainment sports,5,29,34,85%
air force,29,167,196,85%
bart simpson,4,23,27,85%
ight als,4,23,27,85%
members posts,4,23,27,85%
vice president,8,46,54,85%
dr ben,7,40,47,85%
login register,10,57,67,85%
mail addres,3,17,20,85%
orporate medi,3,17,20,85%
rock stars,3,17,20,85%
search web,5,28,33,85%
daughter malia,7,39,46,85%
blogs browse,11,61,72,85%
climate change,4,22,26,85%
saturday night,4,22,26,85%
tech hoax,37,201,238,84%
world news,24,130,154,84%
health care,15,81,96,84%
rick santorum,5,27,32,84%
terms privacy,10,54,64,84%
menu skip,8,43,51,84%
bin laden,35,187,222,84%
d e,3,16,19,84%
homosexuality horror,3,16,19,84%
horror juvenilia,3,16,19,84%
income tax,3,16,19,84%
music news,3,16,19,84%
posts location,3,16,19,84%
report post,3,16,19,84%
story get,3,16,19,84%
tech travel,3,16,19,84%
fun humor,4,21,25,84%
star mothers,4,21,25,84%
tom hanks,5,26,31,84%
news daily,6,31,37,84%
entertainment health,16,82,98,84%
science sport,8,41,49,84%
super bowl,29,148,177,84%
barack obama,182,924,1106,84%
mitt romney,26,131,157,83%
ake bac,3,15,18,83%
arco rubi,3,15,18,83%
contact home,3,15,18,83%
couldn t,3,15,18,83%
forums join,3,15,18,83%
health home,3,15,18,83%
image gallery,4,20,24,83%
ivil disobedienc,3,15,18,83%
kim davis,4,20,24,83%
menu profile,3,15,18,83%
messages likes,5,25,30,83%
mp3 download,3,15,18,83%
press release,6,30,36,83%
profile send,3,15,18,83%
profile sign,4,20,24,83%
saddam hussein,4,20,24,83%
school homosexuality,3,15,18,83%
share tweet,17,85,102,83%
sports music,3,15,18,83%
twitter rss,3,15,18,83%
news politics,28,139,167,83%
isn t,8,39,47,83%
barack obamas,13,63,76,83%
view blog,13,63,76,83%
internet trends,18,87,105,83%
security number,6,29,35,83%
es moine,4,19,23,83%
ater protector,3,14,17,82%
eem lik,3,14,17,82%
etermine whethe,3,14,17,82%
ews s,3,14,17,82%
forums groups,3,14,17,82%
home comments,6,28,34,82%
lection woul,3,14,17,82%
search contact,3,14,17,82%
sports business,3,14,17,82%
video game,3,14,17,82%
video top,3,14,17,82%
eel lik,5,23,28,82%
i didnt,5,23,28,82%
ast severa,4,18,22,82%
dont forget,4,18,22,82%
errorist attack,4,18,22,82%
ntelligence agenc,4,18,22,82%
post share,6,27,33,82%
sport health,8,36,44,82%
contact privacy,7,31,38,82%
ew worl,5,22,27,81%
world usa,8,35,43,81%
home business,9,39,48,81%
sports entertainment,7,30,37,81%
content skip,4,17,21,81%
date dec,4,17,21,81%
discussion forum,4,17,21,81%
download mp3,12,51,63,81%
grocery store,4,17,21,81%
inbox email,4,17,21,81%
music video,4,17,21,81%
news reports,4,17,21,81%
view articles,8,34,42,81%
crime police,25,106,131,81%
condoleezza rice,5,21,26,81%
forums news,5,21,26,81%
state police,10,42,52,81%
hairman joh,6,25,31,81%
search categories,24,100,124,81%
animals crime,25,104,129,81%
santa claus,8,33,41,80%
e l,12,49,61,80%
america s,5,20,25,80%
categories animals,26,104,130,80%
ichelle obam,7,28,35,80%
online facebook,4,16,20,80%
politics business,4,16,20,80%
site map,4,16,20,80%
street journal,4,16,20,80%
subscribe home,14,56,70,80%
tate hillar,6,24,30,80%
wasn t,10,40,50,80%
limate chang,10,39,49,80%
privacy policy,38,148,186,80%
cell phone,27,105,132,80%
img alt,9,35,44,80%
news news,8,31,39,79%
ill hillar,7,27,34,79%
say i,7,27,34,79%
google email,6,23,29,79%
life style,6,23,29,79%
mike huckabee,6,23,29,79%
facebook share,11,42,53,79%
twitter google,11,42,53,79%
technology science,10,38,48,79%
toggle navigation,15,57,72,79%
world records,5,19,24,79%
blog entries,19,72,91,79%
account log,4,15,19,79%
health insurance,4,15,19,79%
ill stei,4,15,19,79%
likelike reply,4,15,19,79%
menu news,4,15,19,79%
pm user,4,15,19,79%
don t,49,182,231,79%
mountain dew,17,63,80,79%
content home,13,48,61,79%
econd amendmen,6,22,28,79%
faq terms,6,22,28,79%
tv schedule,6,22,28,79%
create explore,8,29,37,78%
steve jobs,8,29,37,78%
business technology,5,18,23,78%
create account,10,36,46,78%
date sep,5,18,23,78%
golf clubs,5,18,23,78%
mode pm,5,18,23,78%
movies tv,5,18,23,78%
ont mis,5,18,23,78%
outh africa,5,18,23,78%
i guess,7,25,32,78%
ike penc,7,25,32,78%
mode switch,25,89,114,78%
navigation home,9,32,41,78%
video clip,21,74,95,78%
advertise contact,4,14,18,78%
aid hillar,4,14,18,78%
al gore,12,42,54,78%
aul josep,4,14,18,78%
home create,8,28,36,78%
join login,6,21,27,78%
lection frau,4,14,18,78%
lection rigge,6,21,27,78%
linton presidenc,6,21,27,78%
login home,4,14,18,78%
plane crash,6,21,27,78%
procter gamble,4,14,18,78%
share clip,6,21,27,78%
version terms,4,14,18,78%
yahoo email,4,14,18,78%
email link,9,31,40,78%
view website,9,31,40,78%
cheesecake factory,7,24,31,77%
john ashcroft,7,24,31,77%
linton sai,7,24,31,77%
vote democrat,5,17,22,77%
article photograph,8,27,35,77%
blogger fotos,6,20,26,77%
date feb,6,20,26,77%
date jan,6,20,26,77%
fotos videos,6,20,26,77%
tv show,6,20,26,77%
entertainment technology,13,43,56,77%
ock siou,7,23,30,77%
attorney general,8,26,34,76%
ay thin,4,13,17,76%
date jul,4,13,17,76%
ew evidenc,4,13,17,76%
identity politics,4,13,17,76%
lives matter,4,13,17,76%
mail hillar,4,13,17,76%
message view,8,26,34,76%
nyone els,4,13,17,76%
orth korea,4,13,17,76%
oseph watso,4,13,17,76%
view public,24,78,102,76%
john kerry,17,55,72,76%
account facebook,5,16,21,76%
facebook landing,5,16,21,76%
galleries quizzes,5,16,21,76%
gmail drive,5,16,21,76%
landing pages,5,16,21,76%
ont car,5,16,21,76%
play youtube,5,16,21,76%
pm post,10,32,42,76%
questions galleries,5,16,21,76%
quizzes categories,5,16,21,76%
star wars,10,32,42,76%
ote hillar,11,35,46,76%
pages home,11,35,46,76%
ake loo,6,19,25,76%
ej playlist,6,19,25,76%
google docs,6,19,25,76%
i ve,12,38,50,76%
noch mehr,6,19,25,76%
policy terms,6,19,25,76%
member join,26,82,108,76%
r trum,13,41,54,76%
news entertainment,14,44,58,76%
home search,31,97,128,76%
home forums,8,25,33,76%
resident clinto,8,25,33,76%
home news,49,153,202,76%
acebook twitte,9,28,37,76%
link quick,9,28,37,76%
search search,9,28,37,76%
display linear,10,31,41,76%
ivil wa,10,31,41,76%
ampaign chai,5,15,20,75%
bama hillar,5,15,20,75%
care reform,6,18,24,75%
health world,15,45,60,75%
ither wa,5,15,20,75%
linton administratio,5,15,20,75%
photos videos,6,18,24,75%
politics sports,5,15,20,75%
politics tech,5,15,20,75%
register login,5,15,20,75%
ri oc,5,15,20,75%
t d,5,15,20,75%
york post,5,15,20,75%
bernie sanders,35,103,138,75%
ormer presiden,13,38,51,75%
president george,25,73,98,74%
mark forums,10,29,39,74%
culture sports,9,26,35,74%
home contact,8,23,31,74%
law enforcement,8,23,31,74%
rump win,8,23,31,74%
science tech,8,23,31,74%
ell don,7,20,27,74%
mehr account,7,20,27,74%
search engine,7,20,27,74%
docs noch,6,17,23,74%
george bush,6,17,23,74%
kalender books,6,17,23,74%
mehr kalender,6,17,23,74%
pm view,6,17,23,74%
shopping blogger,6,17,23,74%
video news,6,17,23,74%
facebook twitter,67,188,255,74%
search query,36,101,137,74%
forum posts,51,143,194,74%
desktop version,5,14,19,74%
news gmail,5,14,19,74%
quote pm,9,25,34,74%
view profile,53,147,200,74%
profile view,52,144,196,73%
view forum,55,152,207,73%
aid trum,8,22,30,73%
reply quote,8,22,30,73%
report abuse,8,22,30,73%
team member,8,22,30,73%
winston churchill,16,44,60,73%
twitter pinterest,19,52,71,73%
w bush,82,224,306,73%
search home,11,30,41,73%
account options,7,19,26,73%
val offic,7,19,26,73%
b c,10,27,37,73%
aid don,6,16,22,73%
business news,6,16,22,73%
drive mehr,6,16,22,73%
gold reply,9,24,33,73%
ha ha,6,16,22,73%
ight thin,6,16,22,73%
john wayne,9,24,33,73%
linton coul,6,16,22,73%
play music,6,16,22,73%
please enter,6,16,22,73%
rump clinto,6,16,22,73%
sports travel,9,24,33,73%
join date,110,292,402,73%
web search,40,106,146,73%
arlier yea,8,21,29,72%
cbs news,8,21,29,72%
lt righ,8,21,29,72%
ar russi,5,13,18,72%
feedback hilfe,5,13,18,72%
state lottery,5,13,18,72%
twitter email,5,13,18,72%
ould als,12,31,43,72%
ernie sander,19,49,68,72%
date oct,7,18,25,72%
pat robertson,14,36,50,72%
search login,7,18,25,72%
pizza delivery,9,23,32,72%
rump sai,18,46,64,72%
i dont,31,78,109,72%
alert abuse,6,15,21,71%
communities hangouts,6,15,21,71%
gun control,16,40,56,71%
hangouts feedback,6,15,21,71%
message report,6,15,21,71%
movies music,12,30,42,71%
oure goin,8,20,28,71%
post link,14,35,49,71%
rs clinto,14,35,49,71%
rump als,10,25,35,71%
science society,8,20,28,71%
tea party,8,20,28,71%
user join,6,15,21,71%
video shows,12,30,42,71%
yahoo products,8,20,28,71%
window click,33,82,115,71%
doesn t,19,47,66,71%
linton emai,17,42,59,71%
menu home,22,54,76,71%
society culture,11,27,38,71%
police officer,9,22,31,71%
bi agent,7,17,24,71%
date nov,7,17,24,71%
email address,21,51,72,71%
er da,7,17,24,71%
linton democrati,7,17,24,71%
lip balm,17,41,58,71%
search queries,22,53,75,71%
ont kno,32,77,109,71%
ay don,5,12,17,71%
comments share,5,12,17,71%
entertainment life,5,12,17,71%
eople wan,5,12,17,71%
ews networ,5,12,17,71%
health wellness,5,12,17,71%
onflict interes,5,12,17,71%
outh afric,10,24,34,71%
privacy rights,5,12,17,71%
retty muc,5,12,17,71%
rump alread,5,12,17,71%
s intelligenc,5,12,17,71%
s militar,10,24,34,71%
teal electio,5,12,17,71%
police officers,18,43,61,70%
aid woul,8,19,27,70%
ay woul,8,19,27,70%
travel yahoo,8,19,27,70%
trump s,8,19,27,70%
claim photograph,11,26,37,70%
delivery driver,11,26,37,70%
display modes,11,26,37,70%
linton foundatio,55,130,185,70%
orth kore,11,26,37,70%
aww gaming,6,14,20,70%
bstruction justic,6,14,20,70%
h p,9,21,30,70%
i don,15,35,50,70%
ice cream,12,28,40,70%
illion millio,6,14,20,70%
lection result,6,14,20,70%
movie theater,6,14,20,70%
orld wa,18,42,60,70%
oter registratio,6,14,20,70%
science mathematics,6,14,20,70%
view desktop,6,14,20,70%
york times,15,35,50,70%
share share,19,44,63,70%
napoleon dynamite,10,23,33,70%
arlier wee,7,16,23,70%
home questions,7,16,23,70%
ne da,14,32,46,70%
visit homepage,7,16,23,70%
_________________________________________________________________________________________________________________________________________________________
photograph shows,84,191,275,69%
getty images,11,25,36,69%
thread display,11,25,36,69%
email print,15,34,49,69%
home world,8,18,26,69%
michael jackson,8,18,26,69%
pm i,12,27,39,69%
sports health,8,18,26,69%
uffington pos,8,18,26,69%
i m,47,105,152,69%
credit cards,9,20,29,69%
ree speec,18,40,58,69%
legends reference,28,62,90,69%
sports finance,10,22,32,69%
audi arabi,38,83,121,69%
ewt gingric,6,13,19,68%
example snippet,6,13,19,68%
gay marriage,6,13,19,68%
ont wan,24,52,76,68%
password register,6,13,19,68%
todays posts,6,13,19,68%
news sports,19,41,60,68%
user name,13,28,41,68%
ake u,7,15,22,68%
egyn kell,7,15,22,68%
media culture,7,15,22,68%
music download,7,15,22,68%
twitter share,7,15,22,68%
x john,7,15,22,68%
thread tools,36,77,113,68%
news home,8,17,25,68%
reference pages,26,55,81,68%
ormer u,9,19,28,68%
facebook google,10,21,31,68%
screen flickr,10,21,31,68%
date apr,11,23,34,68%
news world,22,46,68,68%
ill clinto,67,138,205,67%
george w,105,213,318,67%
ashington pos,24,48,72,67%
boston marathon,9,18,27,67%
commencement address,6,12,18,67%
comment share,8,16,24,67%
computer security,6,12,18,67%
customer service,6,12,18,67%
et awa,7,14,21,67%
flickr tools,10,20,30,67%
ge communities,7,14,21,67%
hilfe feedback,8,16,24,67%
illarys campaig,6,12,18,67%
illion peopl,13,26,39,67%
m s,8,16,24,67%
media matters,6,12,18,67%
message board,11,22,33,67%
ohn podesta,6,12,18,67%
play video,35,70,105,67%
post reply,48,96,144,67%
profil ge,7,14,21,67%
resident hillar,6,12,18,67%
rump tol,6,12,18,67%
security computer,6,12,18,67%
share sorry,6,12,18,67%
south africa,8,16,24,67%
tax credit,12,24,36,67%
vietnam war,6,12,18,67%
yahoo yahoo,11,22,33,67%
oter frau,23,45,68,66%
mail serve,34,66,100,66%
lection da,45,87,132,66%
rump woul,14,27,41,66%
o bac,13,25,38,66%
ohn podest,34,65,99,66%
linton supporter,10,19,29,66%
pda view,20,38,58,66%
tools help,10,19,29,66%
c d,9,17,26,65%
ell u,9,17,26,65%
im kain,9,17,26,65%
ct t,17,32,49,65%
post member,8,15,23,65%
anney william,7,13,20,65%
arlier mont,14,26,40,65%
earth space,7,13,20,65%
ike man,7,13,20,65%
rump trum,7,13,20,65%
tech weather,7,13,20,65%
version subscribe,7,13,20,65%
view replies,37,68,105,65%
ay da,6,11,17,65%
oddities security,6,11,17,65%
resident bil,18,33,51,65%
television series,6,11,17,65%
view comments,6,11,17,65%
weather screen,6,11,17,65%
los angeles,59,108,167,65%
ampaign chairma,16,29,45,64%
s governmen,25,45,70,64%
illions dollar,14,25,39,64%
web site,41,73,114,64%
football game,9,16,25,64%
lack peopl,9,16,25,64%
nd da,9,16,25,64%
onna brazil,9,16,25,64%
read times,9,16,25,64%
select post,9,16,25,64%
arge numbe,8,14,22,64%
ews medi,8,14,22,64%
feedback profil,8,14,22,64%
film tv,8,14,22,64%
harry truman,8,14,22,64%
round worl,23,40,63,63%
tate departmen,34,59,93,63%
entertainment news,11,19,30,63%
fort hood,11,19,30,63%
ative america,7,12,19,63%
ay g,7,12,19,63%
ctober t,7,12,19,63%
eople kno,7,12,19,63%
quote select,7,12,19,63%
register faq,7,12,19,63%
staff writer,7,12,19,63%
tech health,7,12,19,63%
times reputation,7,12,19,63%
ook lik,17,29,46,63%
heart attack,27,46,73,63%
rep power,10,17,27,63%
rumps campaig,10,17,27,63%
news videos,23,39,62,63%
cross countr,13,22,35,63%
playing cards,13,22,35,63%
please log,16,27,43,63%
linton percen,9,15,24,62%
ork cit,12,20,32,62%
las vegas,23,38,61,62%
ormer secretar,17,28,45,62%
home page,14,23,37,62%
ast mont,11,18,29,62%
phone numbers,11,18,29,62%
ussia chin,11,18,29,62%
m sur,16,26,42,62%
side effects,8,13,21,62%
ainstream medi,53,86,139,62%
rump supporter,34,55,89,62%
oung peopl,13,21,34,62%
ann coulter,38,61,99,62%
aw enforcemen,38,61,99,62%
rump presiden,10,16,26,62%
science sports,10,16,26,62%
world sport,10,16,26,62%
ast yea,37,59,96,61%
car accident,24,38,62,61%
tech science,12,19,31,61%
acebook pag,7,11,18,61%
arts headlines,7,11,18,61%
drug dealer,7,11,18,61%
et bac,7,11,18,61%
headlines pictures,7,11,18,61%
linton woul,7,11,18,61%
raqi arm,7,11,18,61%
ree beaco,7,11,18,61%
reedom informatio,7,11,18,61%
tatus qu,7,11,18,61%
ake sur,27,42,69,61%
ia emai,9,14,23,61%
itt romne,9,14,23,61%
reedom speec,9,14,23,61%
twitter facebook,27,42,69,61%
hief staf,11,17,28,61%
illion dollar,11,17,28,61%
linton campaig,98,150,248,60%
darren wilson,34,52,86,60%
nvestigation hillar,21,32,53,60%
audi arabia,8,12,20,60%
ercent percen,12,18,30,60%
et trum,8,12,20,60%
ews agenc,8,12,20,60%
hings lik,8,12,20,60%
hink woul,8,12,20,60%
ike trum,10,15,25,60%
ime u,8,12,20,60%
linton email,10,15,25,60%
m goin,12,18,30,60%
se privat,12,18,30,60%
terrorist attacks,16,24,40,60%
mail scanda,21,31,52,60%
treet journa,15,22,37,59%
ir forc,13,19,32,59%
health science,24,35,59,59%
ashington d,22,32,54,59%
world health,11,16,27,59%
dalai lama,40,58,98,59%
misleading messages,9,13,22,59%
oter suppressio,9,13,22,59%
south america,9,13,22,59%
rump campaig,25,36,61,59%
resident obam,48,69,117,59%
ovember t,30,43,73,59%
ay hillar,7,10,17,59%
linton aid,7,10,17,59%
odesta kadzi,7,10,17,59%
sa toda,7,10,17,59%
fashion finder,19,27,46,59%
rump wi,12,17,29,59%
roject verita,22,31,53,58%
ero hedg,10,14,24,58%
i cant,10,14,24,58%
l qaed,10,14,24,58%
mail news,10,14,24,58%
pm pst,10,14,24,58%
york city,35,49,84,58%
travel fashion,18,25,43,58%
resident barac,21,29,50,58%
act chec,8,11,19,58%
aw schoo,8,11,19,58%
ay eve,8,11,19,58%
drunk driving,8,11,19,58%
email share,8,11,19,58%
news arts,8,11,19,58%
service agents,8,11,19,58%
ver see,8,11,19,58%
onald trum,363,497,860,58%
money video,19,26,45,58%
headlines news,11,15,26,58%
ont eve,14,19,33,58%
search results,14,19,33,58%
ew hampshir,17,23,40,57%
jane fonda,26,35,61,57%
home ask,9,12,21,57%
phone scams,9,12,21,57%
yahoo mail,9,12,21,57%
australia health,22,29,51,57%
oretta lync,22,29,51,57%
sport australia,22,29,51,57%
video travel,19,25,44,57%
video games,16,21,37,57%
h centur,13,17,30,57%
rivate serve,13,17,30,57%
ight win,10,13,23,57%
pics news,10,13,23,57%
valentines day,10,13,23,57%
washington dc,37,48,85,56%
date aug,17,22,39,56%
s presidentia,17,22,39,56%
ofly zon,14,18,32,56%
ver sinc,18,23,41,56%
rump electe,11,14,25,56%
upport trum,11,14,25,56%
aid statemen,12,15,27,56%
christmas cards,8,10,18,56%
document claim,8,10,18,56%
et anothe,16,20,36,56%
et ri,8,10,18,56%
et u,20,25,45,56%
oesnt wor,8,10,18,56%
police department,8,10,18,56%
ress conferenc,12,15,27,56%
rump towe,8,10,18,56%
homeland security,17,21,38,55%
mail online,17,21,38,55%
errorist group,13,16,29,55%
ont ge,13,16,29,55%
irector jame,44,54,98,55%
science money,22,27,49,55%
arah jone,9,11,20,55%
ay aroun,9,11,20,55%
dunkin donuts,18,22,40,55%
ews specia,9,11,20,55%
format email,9,11,20,55%
lerts als,9,11,20,55%
lso signe,9,11,20,55%
mail bonu,9,11,20,55%
nd vi,9,11,20,55%
onus signin,9,11,20,55%
pecial offer,9,11,20,55%
profile ignore,36,44,80,55%
rump supporte,18,22,40,55%
scams phone,9,11,20,55%
aul rya,14,17,31,55%
resident unite,28,34,62,55%
world war,42,51,93,55%
oreign polic,38,46,84,55%
post post,24,29,53,55%
videos gifs,24,29,53,55%
rime ministe,34,41,75,55%
airline pilot,10,12,22,55%
ampaign manage,20,24,44,55%
ay ma,10,12,22,55%
etter congres,10,12,22,55%
food stamps,20,24,44,55%
home video,10,12,22,55%
lso sai,20,24,44,55%
resident trum,20,24,44,55%
send pm,41,49,90,54%
ladimir puti,21,25,46,54%
michael moore,11,13,24,54%
ice presiden,18,21,39,54%
resident vladimi,12,14,26,54%
war ii,24,28,52,54%
ast wee,62,72,134,54%
home discuss,13,15,28,54%
ominee hillar,20,23,43,53%
rivate emai,35,40,75,53%
ew yor,157,178,335,53%
ont lik,15,17,32,53%
pm profile,39,44,83,53%
eed kno,8,9,17,53%
ight bac,8,9,17,53%
lack ma,8,9,17,53%
download mp4,17,19,36,53%
akes sens,9,10,19,53%
blog blog,9,10,19,53%
ew email,9,10,19,53%
google facebook,9,10,19,53%
pm pdt,18,20,38,53%
unique drags,9,10,19,53%
fox nation,10,11,21,52%
ignore mon,10,11,21,52%
rump percen,10,11,21,52%
tweet comments,11,12,23,52%
yahoo answers,11,12,23,52%
idnt kno,12,13,25,52%
photo gallery,12,13,25,52%
eorge soro,25,27,52,52%
andidate hillar,13,14,27,52%
bi directo,71,76,147,52%
s truman,18,19,37,51%
rump presidenc,20,21,41,51%
hare twitte,22,23,45,51%
rint pos,22,23,45,51%
witter prin,22,23,45,51%
ork time,57,58,115,50%
ason easle,9,9,18,50%
ast majorit,16,16,32,50%
friend bookmark,11,11,22,50%
lection donal,10,10,20,50%
linton presiden,9,9,18,50%
ne ma,10,10,20,50%
obby moo,9,9,18,50%
ohn kerr,11,11,22,50%
pinterest share,11,11,22,50%
pm links,14,14,28,50%
random pics,11,11,22,50%
rump ma,9,9,18,50%
rump rallie,12,12,24,50%
arack obam,67,66,133,50%
ttorney genera,67,65,132,49%
browse search,30,29,59,49%
ook plac,19,18,37,49%
navigation search,16,15,31,48%
article skip,29,27,56,48%
post article,28,26,54,48%
oesnt mea,13,12,25,48%
humor odd,12,11,23,48%
lection cycl,12,11,23,48%
mail investigatio,12,11,23,48%
rump administratio,23,21,44,48%
ay wel,11,10,21,48%
errorist grou,11,10,21,48%
ice presidentia,11,10,21,48%
os angele,21,19,40,48%
ote trum,21,19,40,48%
attleground state,10,9,19,47%
ay leas,10,9,19,47%
god bless,10,9,19,47%
hild rap,10,9,19,47%
oung ma,10,9,19,47%
ource sai,10,9,19,47%
roller coaster,10,9,19,47%
arc ric,9,8,17,47%
uestion whethe,9,8,17,47%
nvestigation clinto,17,15,32,47%
orth carolin,40,35,75,47%
washington post,16,14,30,47%
olice office,15,13,28,46%
ake plac,14,12,26,46%
hite peopl,21,18,39,46%
onald trump,70,60,130,46%
video download,21,18,39,46%
raqi force,13,11,24,46%
rump voter,12,10,22,45%
ew jerse,11,9,20,45%
hu oc,11,9,20,45%
trade center,95,77,172,45%
photographs show,77,62,139,45%
stargate atlantis,10,8,18,44%
ivil right,19,15,34,44%
pm response,19,15,34,44%
rticle poste,19,15,34,44%
bi investigatio,28,22,50,44%
michelle obamas,18,14,32,44%
aid addin,13,10,23,43%
font size,13,10,23,43%
pics videos,13,10,23,43%
sex offender,25,19,44,43%
world trade,104,79,183,43%
eal estat,20,15,35,43%
hird worl,12,9,21,43%
ont believ,12,9,21,43%
president harry,12,9,21,43%
random funny,31,23,54,43%
et alon,19,14,33,42%
s day,15,11,26,42%
ast tw,11,8,19,42%
rump eve,11,8,19,42%
veryone els,14,10,24,42%
john mccain,86,61,147,41%
edition switch,17,12,29,41%
rumps victor,17,12,29,41%
bama administratio,54,38,92,41%
search topics,27,19,46,41%
fox business,10,7,17,41%
jerry falwell,10,7,17,41%
news latino,10,7,17,41%
teve banno,10,7,17,41%
ast tim,13,9,22,41%
marine corps,32,22,54,41%
president bush,64,43,107,40%
eople lik,15,10,25,40%
rand jur,12,8,20,40%
______________________________________________________________________________________________________________________________________________________________________________________________________________________
ctober shar,17,11,28,39%
ecurity force,17,11,28,39%
pm et,17,11,28,39%
arack obama,11,7,18,39%
ay lif,11,7,18,39%
nation fox,11,7,18,39%
s secretar,11,7,18,39%
rump hillar,19,12,31,39%
site info,16,10,26,38%
arizona tea,21,13,34,38%
epartment justic,39,24,63,38%
news insider,13,8,21,38%
ont se,13,8,21,38%
rump goin,13,8,21,38%
harry s,31,19,50,38%
oe bide,23,14,37,38%
oesnt matte,15,9,24,38%
topics post,42,25,67,37%
ealth car,17,10,27,37%
claim photographs,12,7,19,37%
ot peopl,19,11,30,37%
veterans day,54,31,85,36%
fortune cookie,32,18,50,36%
ress t,16,9,25,36%
ed pil,20,11,31,35%
ake americ,22,12,34,35%
news fox,11,6,17,35%
senator john,46,25,71,35%
olice stat,13,7,20,35%
shows president,17,9,26,35%
john lennon,25,13,38,34%
credit card,42,21,63,33%
debit card,12,6,18,33%
eturn king,14,7,21,33%
oreign ministr,16,8,24,33%
lection nigh,15,7,22,32%
president john,15,7,22,32%
ake par,13,6,19,32%
city council,13,6,19,32%
salvation army,63,29,92,32%
home depot,49,22,71,31%
alk radi,14,6,20,30%
cancer research,35,15,50,30%
dr seuss,12,5,17,29%
hare articl,34,14,48,29%
amesex marriag,20,8,28,29%
eld accountabl,15,6,21,29%
history month,35,14,49,29%
ight liv,13,5,18,28%
reedom cente,13,5,18,28%
breast cancer,160,59,219,27%
nascar driver,14,5,19,26%
avid duk,29,10,39,26%
phone number,29,10,39,26%
hurricane katrina,53,17,70,24%
kansas city,16,5,21,24%
lease shar,17,5,22,23%
spring break,14,4,18,22%
al gores,19,5,24,21%
capri sun,27,7,34,21%
class action,20,5,25,20%
lection riggin,16,4,20,20%
prayer request,34,8,42,19%
aniel greenfiel,30,7,37,19%
meteor shower,18,4,22,18%
oreign ministe,23,5,28,18%
atch ac,20,4,24,17%
game show,16,3,19,16%
press secretary,17,3,20,15%
border patrol,19,3,22,14%
ovember p,19,3,22,14%
acebook accoun,21,3,24,12%
chubby bunny,28,4,32,12%
r davi,21,3,24,12%
monte carlo,15,2,17,12%
middle name,23,3,26,12%
harlan ellison,31,4,35,11%
lone ranger,16,2,18,11%
outh kore,26,3,29,10%
r duk,45,5,50,10%
l mencken,19,2,21,10%
christmas trees,39,4,43,9%
ember graham,20,2,22,9%
school buses,20,2,22,9%
alicia keys,21,2,23,9%
razor blades,71,6,77,8%
ecurity counci,26,2,28,7%
bsentee ballot,16,1,17,6%
john tyler,32,2,34,6%
liam neeson,16,1,17,6%
peoples money,16,1,17,6%
jamie foxx,51,3,54,6%
scott wood,17,1,18,6%
event registry,18,1,19,5%
giant hogweed,19,1,20,5%
h l,19,1,20,5%
tom bihn,19,1,20,5%
concrete arrows,20,1,21,5%
krispy kreme,20,1,21,5%
photo radar,20,1,21,5%
beer flood,21,1,22,5%
ccount commen,21,1,22,5%
o articl,21,1,22,5%
olice departmen,21,1,22,5%
m easter,22,1,23,4%
ia faceboo,23,1,24,4%
matthew mcconaughey,23,1,24,4%
heodore roosevel,24,1,25,4%
baseball card,27,1,28,4%
t p,30,1,31,3%
marilyn chambers,32,1,33,3%
roald dahl,33,1,34,3%
chocolate eggs,41,1,42,2%
charlie daniels,46,1,47,2%
state building,46,1,47,2%
hoto af,54,1,55,2%
jack nicholson,56,1,57,2%
star fruit,64,1,65,2%
airfax count,22,0,22,0%
albino bottlenose,19,0,19,0%
basketball court,19,0,19,0%
bell ringers,20,0,20,0%
boston market,56,0,56,0%
boston police,17,0,17,0%
bottle bombs,22,0,22,0%
bottlenose dolphin,25,0,25,0%
brian peppers,38,0,38,0%
bsentee ballo,17,0,17,0%
buffalo nickels,17,0,17,0%
canyon skywalk,29,0,29,0%
ccount follo,21,0,21,0%
center steel,17,0,17,0%
chocolate coins,17,0,17,0%
corset piercing,22,0,22,0%
ctober phot,56,0,56,0%
ctv news,20,0,20,0%
dog contest,26,0,26,0%
dollar stores,25,0,25,0%
doughnut day,17,0,17,0%
ednesday octobe,18,0,18,0%
empire state,54,0,54,0%
error organizatio,17,0,17,0%
estee lauder,37,0,37,0%
eyes cody,25,0,25,0%
face spider,24,0,24,0%
family trees,25,0,25,0%
goddess kali,35,0,35,0%
gordon sinclair,26,0,26,0%
granite countertops,17,0,17,0%
hair bands,37,0,37,0%
heyre happ,39,0,39,0%
hief justic,20,0,20,0%
hoto reuter,23,0,23,0%
huntley brown,23,0,23,0%
ia disqu,21,0,21,0%
ihop restaurants,19,0,19,0%
inflammatory breast,19,0,19,0%
iron eyes,31,0,31,0%
isqus accoun,21,0,21,0%
jack benny,21,0,21,0%
jeremiah denton,28,0,28,0%
john mccains,24,0,24,0%
judy carne,26,0,26,0%
l rhazou,20,0,20,0%
laura bush,30,0,30,0%
london beer,18,0,18,0%
martha raye,52,0,52,0%
musk deer,17,0,17,0%
news ctv,20,0,20,0%
olympic uniforms,27,0,27,0%
omment articl,42,0,42,0%
pancake day,64,0,64,0%
playground equipment,31,0,31,0%
ralph lauren,29,0,29,0%
richard lamm,18,0,18,0%
rivate centra,18,0,18,0%
roane county,22,0,22,0%
roblem muslim,18,0,18,0%
rticle vi,42,0,42,0%
s faceboo,21,0,21,0%
shopping bags,20,0,20,0%
shoshana johnson,20,0,20,0%
sierra lamar,25,0,25,0%
stanley cup,33,0,33,0%
stimulus payments,19,0,19,0%
storm surge,23,0,23,0%
stun guns,17,0,17,0%
subservient chicken,64,0,64,0%
texas roadhouse,74,0,74,0%
tony kern,18,0,18,0%
tony snow,49,0,49,0%
victoria falls,22,0,22,0%
wallpaper cleaner,20,0,20,0%
wilson bracelets,17,0,17,0%
work zones,33,0,33,0%
