accine produces,0,14,14,100%
acebook twitter twitter,0,26,26,100%
ach ticket ticket,0,13,13,100%
act hoax hoax,0,29,29,100%
ad season,0,23,23,100%
ad taste taste,0,24,24,100%
ade helm helm,0,15,15,100%
ade helm helm,0,18,18,100%
adiation services services,0,13,13,100%
adies room room,0,35,35,100%
afety modernization modernization,0,24,24,100%
afia depicts depicts,0,15,15,100%
age pieces pieces,0,17,17,100%
age politics politics,0,16,16,100%
agland chairman chairman,0,14,14,100%
agle scout scout,0,31,31,100%
agnate donald donald,0,14,14,100%
aid i i,0,15,15,100%
aid i i,0,13,13,100%
aid sarah sarah,0,26,26,100%
aid today today,0,18,18,100%
ail gun gun,0,13,13,100%
ail link link,0,27,27,100%
ain intelligence intelligence,0,20,20,100%
ain intersections intersections,0,15,15,100%
air loss loss,0,19,19,100%
akarta indonesia indonesia,0,16,16,100%
ake people people,0,19,19,100%
alaysia flight flight,0,26,26,100%
alhousie university university,0,20,20,100%
alico cats cats,0,21,21,100%
alifornia department department,0,33,33,100%
alifornia man man,0,15,15,100%
alin claims claims,0,29,29,100%
alin front front,0,16,16,100%
alin wonders wonders,0,18,18,100%
alls jesus,0,21,21,100%
alt disney disney,0,20,20,100%
alt disney disney,0,18,18,100%
ama personality personality,0,21,21,100%
ame problem problem,0,13,13,100%
amsung paid paid,0,26,26,100%
amsung pays pays,0,14,14,100%
ancy pelosi pelosi,0,18,18,100%
andidate mitt mitt,0,18,18,100%
ane sanders sanders,0,19,19,100%
ang initiates initiates,0,25,25,100%
ang initiates initiates,0,23,23,100%
ank notes notes,0,14,14,100%
apan engineers engineers,0,14,14,100%
apel pins pins,0,13,13,100%
aptivity hundreds hundreds,0,16,16,100%
ar status status,0,14,14,100%
arack obama obama,0,13,13,100%
arack obama obama,0,20,20,100%
arack obama obama,0,25,25,100%
arack obama obama,0,15,15,100%
arack obama obama,0,18,18,100%
arack obama obama,0,24,24,100%
arbon dioxide dioxide,0,16,16,100%
arcus bachmann bachmann,0,15,15,100%
arfare agents agents,0,15,15,100%
arge amount amount,0,15,15,100%
arge motorcycle motorcycle,0,29,29,100%
arge mountain mountain,0,22,22,100%
argo man man,0,22,22,100%
arijuana cigarettes cigarettes,0,20,20,100%
arley davidson davidson,0,34,34,100%
arren wilson,0,13,13,100%
arry potter potter,0,30,30,100%
arry potter potter,0,18,18,100%
art b b,0,18,18,100%
art checkout checkout,0,17,17,100%
artin george george,0,13,13,100%
artin lawrence lawrence,0,16,16,100%
artin lawrence lawrence,0,14,14,100%
aryland middle middle,0,42,42,100%
asa discovers discovers,0,15,15,100%
asa s s,0,15,15,100%
ashington donald donald,0,14,14,100%
ass shootings shootings,0,15,15,100%
aste blacks blacks,0,22,22,100%
ation s s,0,13,13,100%
ationwide network network,0,13,13,100%
atire circulating circulating,0,21,21,100%
atriot anti anti,0,15,15,100%
atron saint saint,0,27,27,100%
aughter malia malia,0,15,15,100%
aughter marries,0,13,13,100%
aul horner horner,0,15,15,100%
aul mccartney mccartney,0,30,30,100%
aula deen deen,0,14,14,100%
auryn hill hill,0,13,13,100%
ause worms worms,0,16,16,100%
ava sea sea,0,21,21,100%
avigation home home,0,13,13,100%
awmaker introduces introduces,0,14,14,100%
awn part,0,32,32,100%
ay packers packers,0,13,13,100%
ay state state,0,18,18,100%
ays apple,0,13,13,100%
ba star star,0,22,22,100%
bama administration administration,0,61,61,100%
bama administration administration,0,36,36,100%
bama blew blew,0,27,27,100%
bama fines fines,0,14,14,100%
bama orders orders,0,15,15,100%
bama plans plans,0,15,15,100%
bama s s,0,31,31,100%
bama s s,0,14,14,100%
bama s s,0,18,18,100%
bama s s,0,29,29,100%
bama sell sell,0,18,18,100%
bamacare health health,0,18,18,100%
bi admits admits,0,21,21,100%
bscure bill bill,0,20,20,100%
bsentee ballots ballots,0,13,13,100%
ccount contact contact,0,19,19,100%
ch bin bin,0,13,13,100%
chool credit credit,0,14,14,100%
chool offers offers,0,20,20,100%
chool students students,0,22,22,100%
cience entertainment entertainment,0,34,34,100%
citech money money,0,13,13,100%
cmahon farrah farrah,0,13,13,100%
conn huskies huskies,0,13,13,100%
cre parcel parcel,0,20,20,100%
cross ocean ocean,0,15,15,100%
ct notice notice,0,19,19,100%
ctivation infowars infowars,0,114,114,100%
ctivist freezes freezes,0,22,22,100%
ctivist james james,0,22,22,100%
ctor sylvester sylvester,0,45,45,100%
ctress betty betty,0,18,18,100%
d mcmahon mcmahon,0,13,13,100%
ddicts status status,0,14,14,100%
dlai e e,0,18,18,100%
dministration announces announces,0,56,56,100%
dministration spokesperson spokesperson,0,25,25,100%
e ask ask,0,14,14,100%
e brilliant brilliant,0,14,14,100%
e didnt didnt,0,28,28,100%
e doesnt doesnt,0,14,14,100%
e la la,0,13,13,100%
e merry merry,0,37,37,100%
e rude rude,0,25,25,100%
e trump trump,0,14,14,100%
eace prize prize,0,22,22,100%
eal paul paul,0,18,18,100%
eal skills skills,0,36,36,100%
eality tv tv,0,15,15,100%
ealth care care,0,15,15,100%
ealth insurance insurance,0,17,17,100%
ealth sports sports,0,16,16,100%
ealthcare premiums premiums,0,18,18,100%
eam s s,0,13,13,100%
eapons confiscation confiscation,0,19,19,100%
eart transplant transplant,0,13,13,100%
eath row row,0,31,31,100%
eath row row,0,15,15,100%
eaworld employees employees,0,21,21,100%
ebrew immigrants immigrants,0,24,24,100%
ebron james james,0,16,16,100%
econd season season,0,13,13,100%
econd slice slice,0,94,94,100%
ecords document document,0,18,18,100%
ecruits saltpeter saltpeter,0,15,15,100%
eddah saudi saudi,0,24,24,100%
ederation fighter fighter,0,17,17,100%
edge fund fund,0,19,19,100%
edia claims claims,0,20,20,100%
ee russia russia,0,19,19,100%
eek mill mill,0,19,19,100%
eep america america,0,24,24,100%
eepwater species species,0,20,20,100%
eft eye eye,0,19,19,100%
eftover charges charges,0,17,17,100%
efts war war,0,18,18,100%
el gibson,0,16,16,100%
el sosa sosa,0,13,13,100%
elease barack barack,0,27,27,100%
elebrities sports sports,0,14,14,100%
elebrity death death,0,65,65,100%
elevision show show,0,15,15,100%
eligion health health,0,16,16,100%
eligion organization organization,0,14,14,100%
ell chain chain,0,14,14,100%
ello kitty kitty,0,15,15,100%
elp spread spread,0,26,26,100%
elp sues sues,0,15,15,100%
ember john john,0,29,29,100%
eminine care care,0,30,30,100%
enator chris chris,0,16,16,100%
ence boards boards,0,13,13,100%
ence building building,0,13,13,100%
end immigrants immigrants,0,19,19,100%
ennedy center center,0,33,33,100%
ennedy center center,0,13,13,100%
ens basketball basketball,0,14,14,100%
entagon warns warns,0,20,20,100%
entury wire wire,0,13,13,100%
enya authorities authorities,0,27,27,100%
eolis mons,0,32,32,100%
eoples heads heads,0,15,15,100%
eorge bush bush,0,14,14,100%
eorge bush bush,0,13,13,100%
eorge washington washington,0,27,27,100%
eorge zimmerman,0,15,15,100%
eorge zimmerman zimmerman,0,19,19,100%
eorge zimmerman zimmerman,0,37,37,100%
ep paul paul,0,15,15,100%
ep peter peter,0,13,13,100%
eplace money money,0,19,19,100%
eport americas,0,16,16,100%
eport claims claims,0,47,47,100%
eporter update update,0,16,16,100%
eproduces commentator commentator,0,20,20,100%
equires children children,0,38,38,100%
er help help,0,15,15,100%
er home home,0,14,14,100%
er thoughts thoughts,0,13,13,100%
er ticket ticket,0,13,13,100%
eresa heinz heinz,0,18,18,100%
erguson protester protester,0,16,16,100%
erguson tyler tyler,0,14,14,100%
ernie sanders sanders,0,26,26,100%
errorism preparedness preparedness,0,34,34,100%
erry christmas christmas,0,22,22,100%
erry christmas christmas,0,37,37,100%
erson buy buy,0,19,19,100%
erson oscar oscar,0,17,17,100%
erve meat meat,0,30,30,100%
ervice agent agent,0,20,20,100%
ervice dinner dinner,0,18,18,100%
ervice medals,0,21,21,100%
ervice station station,0,25,25,100%
esearch arm arm,0,20,20,100%
estrict home home,0,16,16,100%
esus christ christ,0,17,17,100%
esus christ christ,0,17,17,100%
et owners owners,0,14,14,100%
etch millions millions,0,13,13,100%
eter paul paul,0,18,18,100%
eterans day day,0,13,13,100%
eterans health health,0,19,19,100%
etflix n n,0,25,25,100%
etlife stadium stadium,0,13,13,100%
ets football football,0,13,13,100%
ew dewalt dewalt,0,13,13,100%
ew gang gang,0,17,17,100%
ew landfill landfill,0,15,15,100%
ew team,0,13,13,100%
ew window window,0,16,16,100%
ew york york,0,18,18,100%
ew york york,0,27,27,100%
ewalt nail nail,0,15,15,100%
ews celebrities celebrities,0,14,14,100%
ews hires hires,0,14,14,100%
ews host host,0,14,14,100%
ews source source,0,16,16,100%
ews specials specials,0,70,70,100%
ews viewers viewers,0,18,18,100%
ey words words,0,13,13,100%
eyond measure measure,0,22,22,100%
f basketball basketball,0,18,18,100%
f control control,0,26,26,100%
f david david,0,15,15,100%
f everyone everyone,0,15,15,100%
f filth filth,0,14,14,100%
f instant instant,0,17,17,100%
f kraft kraft,0,14,14,100%
f mentos mentos,0,15,15,100%
f michael michael,0,15,15,100%
f phyllis phyllis,0,16,16,100%
f saul saul,0,14,14,100%
f south south,0,43,43,100%
fficials something something,0,21,21,100%
fl team team,0,15,15,100%
fter fist fist,0,24,24,100%
fter president president,0,15,15,100%
gainst jesus jesus,0,14,14,100%
gbtq appreciation appreciation,0,46,46,100%
gincourt status status,0,13,13,100%
glala sioux sioux,0,18,18,100%
glala sioux sioux,0,20,20,100%
glala sioux sioux,0,20,20,100%
gm movie movie,0,18,18,100%
hance encounter encounter,0,18,18,100%
hannel illustration illustration,0,18,18,100%
haria law law,0,17,17,100%
haria law law,0,18,18,100%
haria law law,0,19,19,100%
harity basketball basketball,0,20,20,100%
hat wearers wearers,0,14,14,100%
heelchair basketball basketball,0,17,17,100%
heerleader poops poops,0,15,15,100%
heesecake factory factory,0,15,15,100%
hef guy guy,0,13,13,100%
heir combat combat,0,18,18,100%
heir dark dark,0,20,20,100%
heir families families,0,16,16,100%
heir fathers fathers,0,13,13,100%
heir freedom freedom,0,20,20,100%
heir glasses glasses,0,14,14,100%
heir headlights headlights,0,31,31,100%
heir law law,0,13,13,100%
heir operations operations,0,25,25,100%
heir products products,0,13,13,100%
heir ruggedness,0,15,15,100%
heir set set,0,13,13,100%
heir testicles,0,18,18,100%
heir victims victims,0,19,19,100%
heir work work,0,16,16,100%
hem hundreds hundreds,0,16,16,100%
hem status status,0,30,30,100%
hen clarissa clarissa,0,24,24,100%
hen power power,0,18,18,100%
hen struts struts,0,13,13,100%
hen trump trump,0,13,13,100%
hen youre youre,0,13,13,100%
hesterfield cigarette cigarette,0,13,13,100%
hey commit commit,0,26,26,100%
hey plan plan,0,27,27,100%
hild pornography pornography,0,22,22,100%
hildren grades grades,0,68,68,100%
hile aretha aretha,0,18,18,100%
hile cleaning cleaning,0,21,21,100%
hilip morris morris,0,13,13,100%
hing negroes negroes,0,25,25,100%
hisperer cesar cesar,0,18,18,100%
hite house house,0,15,15,100%
hite house house,0,14,14,100%
hite house house,0,14,14,100%
hite house house,0,17,17,100%
hite house house,0,16,16,100%
ho bang bang,0,16,16,100%
ho beheads beheads,0,19,19,100%
ho flash flash,0,34,34,100%
ho lack lack,0,36,36,100%
hocker body body,0,18,18,100%
homas jefferson jefferson,0,13,13,100%
hooter nidal nidal,0,16,16,100%
hop cart cart,0,16,16,100%
hop shop shop,0,15,15,100%
hort story story,0,20,20,100%
hose rights rights,0,18,18,100%
hotograph depict,0,27,27,100%
hotograph depicts,0,16,16,100%
hotograph shows shows,0,14,14,100%
hows footage footage,0,18,18,100%
hree animal animal,0,33,33,100%
hris christie christie,0,15,15,100%
hris christie christie,0,15,15,100%
hrist stallone stallone,0,15,15,100%
hutterstock artikel artikel,0,14,14,100%
ia twitter twitter,0,15,15,100%
iami dolphins dolphins,0,13,13,100%
ianne feinstein feinstein,0,16,16,100%
ianne feinstein feinstein,0,17,17,100%
ichael bloomberg bloomberg,0,44,44,100%
ichael jackson jackson,0,15,15,100%
ichael vick vick,0,16,16,100%
ichael vick vick,0,16,16,100%
icket frenzy frenzy,0,19,19,100%
iction obama obama,0,14,14,100%
id george george,0,13,13,100%
ideo clip clip,0,13,13,100%
ideo documents documents,0,27,27,100%
ideo documents documents,0,15,15,100%
ideo show,0,14,14,100%
ideo shows shows,0,13,13,100%
ideo weather weather,0,14,14,100%
ideos shop shop,0,15,15,100%
idn t t,0,14,14,100%
idnt act act,0,26,26,100%
ife httpwwwinfowarscomwpcontentuploadsbrainforceejpg httpwwwinfowarscomwpcontentuploadsbrainforceejpg,0,114,114,100%
ife saturday saturday,0,22,22,100%
ife support support,0,18,18,100%
ift cards cards,0,32,32,100%
ig brothel brothel,0,26,26,100%
igarette producer producer,0,17,17,100%
igeon knocks knocks,0,14,14,100%
iger woods woods,0,15,15,100%
iggest shopping shopping,0,20,20,100%
ighspeed rail rail,0,26,26,100%
ighter pilot pilot,0,18,18,100%
ights activists activists,0,29,29,100%
ights activists activists,0,15,15,100%
ign eagle eagle,0,19,19,100%
ign get get,0,49,49,100%
il bow bow,0,26,26,100%
il fields,0,16,16,100%
iles support support,0,13,13,100%
iley cyrus cyrus,0,18,18,100%
ill drain drain,0,23,23,100%
ill join join,0,21,21,100%
ill launch,0,20,20,100%
illennium copyright copyright,0,20,20,100%
iller yolanda yolanda,0,13,13,100%
illiam shakespeares shakespeares,0,14,14,100%
illion bounty bounty,0,18,18,100%
illion dollar dollar,0,15,15,100%
illion dollars dollars,0,30,30,100%
illion florida florida,0,18,18,100%
illion judgment judgment,0,26,26,100%
illion year year,0,22,22,100%
illion years years,0,37,37,100%
ills life life,0,20,20,100%
ilm actor actor,0,16,16,100%
ilothouse restaurant restaurant,0,24,24,100%
im henson henson,0,15,15,100%
im hunter hunter,0,14,14,100%
im onlookers onlookers,0,13,13,100%
im tebow tebow,0,17,17,100%
imes environment environment,0,23,23,100%
imself frozen frozen,0,23,23,100%
ind brain brain,0,114,114,100%
ind todays todays,0,15,15,100%
indow download download,0,16,16,100%
inds message message,0,36,36,100%
ine challenges challenges,0,14,14,100%
inger lauryn lauryn,0,16,16,100%
inger patti patti,0,41,41,100%
inger salute salute,0,15,15,100%
ingle bells bells,0,13,13,100%
ink cross cross,0,38,38,100%
inston churchill churchill,0,31,31,100%
interest instagram instagram,0,28,28,100%
inweis erstmals erstmals,0,17,17,100%
io olympics olympics,0,18,18,100%
ioux president president,0,20,20,100%
iquid nitrogen nitrogen,0,22,22,100%
ir edmund edmund,0,23,23,100%
ircumstances status status,0,16,16,100%
ire nail nail,0,18,18,100%
ire subscribe subscribe,0,15,15,100%
ireless bungee bungee,0,32,32,100%
irl penny penny,0,15,15,100%
irlines flight flight,0,60,60,100%
irth control control,0,13,13,100%
ise infowarscom infowarscom,0,18,18,100%
issile system system,0,18,18,100%
issouri pig pig,0,28,28,100%
ist opt opt,0,13,13,100%
ist reproduces reproduces,0,13,13,100%
ite operators operators,0,13,13,100%
ith anthrax anthrax,0,13,13,100%
ith aretha aretha,0,26,26,100%
ith assault assault,0,35,35,100%
ith baby baby,0,22,22,100%
ith blood blood,0,20,20,100%
ith fluffy fluffy,0,14,14,100%
ith fox fox,0,31,31,100%
ith nr nr,0,16,16,100%
ith soda soda,0,14,14,100%
ity bloomberg bloomberg,0,26,26,100%
ity officials officials,0,16,16,100%
ix lawsuits lawsuits,0,13,13,100%
izza today today,0,43,43,100%
j simpson simpson,0,20,20,100%
j state state,0,15,15,100%
lace orcas orcas,0,21,21,100%
lack friday friday,0,17,17,100%
lack heritage heritage,0,14,14,100%
lack horse horse,0,16,16,100%
lack horse horse,0,16,16,100%
lack lives lives,0,15,15,100%
lack nascar nascar,0,21,21,100%
lack people people,0,35,35,100%
lack pilot pilot,0,15,15,100%
lack woman woman,0,17,17,100%
lacks soldiers soldiers,0,22,22,100%
laddin casino casino,0,14,14,100%
lag bikini bikini,0,15,15,100%
lag lapel lapel,0,25,25,100%
laim ann ann,0,13,13,100%
laim barack barack,0,40,40,100%
laim bill bill,0,13,13,100%
laim gang gang,0,21,21,100%
laim john john,0,17,17,100%
laim letter letter,0,20,20,100%
laim monty monty,0,21,21,100%
laim nasa nasa,0,16,16,100%
laim robbers robbers,0,13,13,100%
laim talk talk,0,13,13,100%
laim thousands thousands,0,14,14,100%
laim walt walt,0,24,24,100%
laims jesus jesus,0,29,29,100%
lake griffin griffin,0,16,16,100%
larissa jordan,0,24,24,100%
layer michael michael,0,15,15,100%
ld boy boy,0,17,17,100%
ld dinosaur dinosaur,0,69,69,100%
learwater florida florida,0,14,14,100%
lease help help,0,27,27,100%
lease help help,0,20,20,100%
lease press press,0,20,20,100%
lease press press,0,14,14,100%
lection news news,0,13,13,100%
lena kagan kagan,0,15,15,100%
lerts dennis dennis,0,16,16,100%
light today today,0,18,18,100%
lip show,0,13,13,100%
lip switch switch,0,114,114,100%
ll aspects aspects,0,21,21,100%
ll prayers prayers,0,19,19,100%
ll theaters theaters,0,30,30,100%
llison i i,0,18,18,100%
loomberg s s,0,16,16,100%
lux klan klan,0,17,17,100%
lux klan klan,0,17,17,100%
lzheimer s s,0,21,21,100%
m cucumbers cucumbers,0,18,18,100%
m et et,0,15,15,100%
m i i,0,13,13,100%
m i i,0,16,16,100%
mage image image,0,36,36,100%
mail address address,0,18,18,100%
mail september september,0,41,41,100%
mail tweet tweet,0,27,27,100%
mall arms arms,0,21,21,100%
mall child child,0,19,19,100%
mall elephants elephants,0,36,36,100%
mall michigan michigan,0,19,19,100%
mall town town,0,39,39,100%
manda watts watts,0,14,14,100%
mergency call call,0,22,22,100%
mericas independence independence,0,18,18,100%
mith claims claims,0,34,34,100%
mplement sharia sharia,0,30,30,100%
n starbucks starbucks,0,15,15,100%
nbox help help,0,19,19,100%
ndependence status status,0,21,21,100%
nder construction construction,0,15,15,100%
nder license license,0,18,18,100%
nfowars life life,0,114,114,100%
ngeles hotel hotel,0,14,14,100%
niversity student student,0,21,21,100%
nnounces plans plans,0,13,13,100%
nows anything anything,0,17,17,100%
nquiries staff staff,0,17,17,100%
nternet hoaxes hoaxes,0,13,13,100%
nternet hoaxes hoaxes,0,17,17,100%
ntertainment business business,0,34,34,100%
ntire body body,0,25,25,100%
ntroduces bill bill,0,14,14,100%
o aid aid,0,28,28,100%
o cede,0,20,20,100%
o checkout checkout,0,14,14,100%
o consumers consumers,0,14,14,100%
o designate,0,17,17,100%
o fill fill,0,13,13,100%
o france france,0,28,28,100%
o grow grow,0,15,15,100%
o help help,0,17,17,100%
o kill kill,0,29,29,100%
o kill kill,0,21,21,100%
o kill kill,0,25,25,100%
o monsanto monsanto,0,17,17,100%
o require require,0,17,17,100%
o roll roll,0,19,19,100%
o users users,0,13,13,100%
oaxes cats cats,0,13,13,100%
oaxes dogs dogs,0,17,17,100%
obitussin cause cause,0,13,13,100%
ocialist loser loser,0,18,18,100%
octor save save,0,22,22,100%
oderate muslim muslim,0,18,18,100%
odernization act act,0,17,17,100%
ody art art,0,15,15,100%
ohn kerry kerry,0,15,15,100%
ohn lennon lennon,0,14,14,100%
oko ono,0,19,19,100%
olf club club,0,32,32,100%
olf clubs clubs,0,21,21,100%
olfer tiger tiger,0,21,21,100%
olice officials officials,0,21,21,100%
olitics health health,0,13,13,100%
olitics media media,0,16,16,100%
olitics science science,0,34,34,100%
olkswagens model model,0,13,13,100%
ollywood home home,0,19,19,100%
omedienne phyllis phyllis,0,17,17,100%
omeland terrorism terrorism,0,35,35,100%
omments tweet tweet,0,25,25,100%
ommit crimes crimes,0,22,22,100%
omney i i,0,17,17,100%
omney i i,0,13,13,100%
onald trumps trumps,0,17,17,100%
onates millions millions,0,16,16,100%
onder whats whats,0,15,15,100%
ones infowars infowars,0,70,70,100%
oney laundry laundry,0,23,23,100%
oney politics politics,0,13,13,100%
onference friday friday,0,14,14,100%
onference today today,0,18,18,100%
onfiscation study study,0,18,18,100%
onger dominant dominant,0,19,19,100%
onspiracy theory theory,0,14,14,100%
onstitution words words,0,23,23,100%
ont worry worry,0,41,41,100%
ontributor profile profile,0,14,14,100%
onty python python,0,29,29,100%
ood restaurant restaurant,0,23,23,100%
ood restaurant restaurant,0,17,17,100%
ood safety safety,0,24,24,100%
ood teenagers teenagers,0,17,17,100%
ood workers workers,0,23,23,100%
oogle tumblr tumblr,0,28,28,100%
ook county county,0,22,22,100%
oom service service,0,19,19,100%
ootball player player,0,15,15,100%
ope benedict benedict,0,15,15,100%
ope francis francis,0,25,25,100%
ope francis francis,0,16,16,100%
ope francis francis,0,14,14,100%
orce flip flip,0,95,95,100%
ord chicken chicken,0,31,31,100%
ord jesus jesus,0,21,21,100%
ords form form,0,13,13,100%
ore stories stories,0,13,13,100%
ore stories stories,0,14,14,100%
orgue worker worker,0,19,19,100%
ork artist artist,0,22,22,100%
ork jets jets,0,13,13,100%
ork ny ny,0,24,24,100%
orld business business,0,16,16,100%
orld s s,0,39,39,100%
orld s s,0,14,14,100%
ormer alaskan alaskan,0,22,22,100%
ormer secret secret,0,20,20,100%
ornet s s,0,21,21,100%
ornography webmaster webmaster,0,22,22,100%
orris marlboro,0,20,20,100%
orse thief thief,0,15,15,100%
orth america america,0,17,17,100%
orth america america,0,18,18,100%
ost frightens frightens,0,15,15,100%
ot indians indians,0,26,26,100%
otice flip flip,0,19,19,100%
otorcycle gang gang,0,45,45,100%
otorcycle owners owners,0,29,29,100%
otter books books,0,18,18,100%
ou credit credit,0,17,17,100%
oul concert concert,0,22,22,100%
ould freeze freeze,0,25,25,100%
ountry music music,0,13,13,100%
ource sarah sarah,0,16,16,100%
ources article article,0,16,16,100%
ources guns,0,17,17,100%
ournalist friend friend,0,18,18,100%
outh park park,0,16,16,100%
outh park park,0,23,23,100%
ovie logo logo,0,15,15,100%
ownload mobile mobile,0,19,19,100%
paa lobbying lobbying,0,22,22,100%
pace scitech scitech,0,13,13,100%
pace shuttle shuttle,0,15,15,100%
pam use use,0,19,19,100%
park rise rise,0,18,18,100%
perm samples samples,0,13,13,100%
pinion advertise advertise,0,16,16,100%
pokesperson clears clears,0,25,25,100%
ports crime crime,0,16,16,100%
ports entertainment entertainment,0,15,15,100%
prah winfrey winfrey,0,34,34,100%
pread word word,0,26,26,100%
r ambition ambition,0,24,24,100%
r crude crude,0,14,14,100%
r deal deal,0,23,23,100%
r fact fact,0,29,29,100%
r fan fan,0,17,17,100%
r fiction fiction,0,14,14,100%
r kill,0,23,23,100%
r move move,0,13,13,100%
r museum museum,0,17,17,100%
r nothing nothing,0,14,14,100%
r pom,0,13,13,100%
ra president president,0,51,51,100%
rad pitt pitt,0,14,14,100%
rade k12 k12,0,16,16,100%
rades example example,0,25,25,100%
raft pepsico pepsico,0,15,15,100%
rain force force,0,95,95,100%
rain force force,0,114,114,100%
rancis condemns condemns,0,25,25,100%
rancis god god,0,22,22,100%
rand marlboro,0,13,13,100%
randon lee lee,0,16,16,100%
ranium mines mines,0,18,18,100%
ransaction please please,0,17,17,100%
ranscript reproduces reproduces,0,20,20,100%
ravis barker barker,0,16,16,100%
ray areas areas,0,23,23,100%
rayvon martin martin,0,13,13,100%
razy bare bare,0,13,13,100%
rder making making,0,13,13,100%
re elephants elephants,0,16,16,100%
re insiders insiders,0,13,13,100%
re lazy lazy,0,32,32,100%
reat britain britain,0,14,14,100%
reat movie movie,0,14,14,100%
redit washington washington,0,14,14,100%
ree gas gas,0,55,55,100%
ree today today,0,19,19,100%
reedom restoration restoration,0,19,19,100%
resident aladdin aladdin,0,13,13,100%
resident jim jim,0,51,51,100%
ress conference conference,0,14,14,100%
ress release release,0,36,36,100%
retha franklin franklin,0,28,28,100%
retha franklin franklin,0,14,14,100%
rew store store,0,17,17,100%
rganization obama obama,0,14,14,100%
ri oct oct,0,15,15,100%
ribe reports reports,0,18,18,100%
riffin smacks smacks,0,18,18,100%
rime politics politics,0,15,15,100%
rink cocacola cocacola,0,13,13,100%
river jeff jeff,0,14,14,100%
road street street,0,24,24,100%
rocery items items,0,13,13,100%
rode rights rights,0,19,19,100%
roin hair hair,0,19,19,100%
rom albert albert,0,16,16,100%
rom barack barack,0,17,17,100%
rom carbon carbon,0,15,15,100%
rom dates dates,0,15,15,100%
rom efforts efforts,0,25,25,100%
rom god god,0,38,38,100%
rom gop gop,0,25,25,100%
rom judge judge,0,13,13,100%
rom libya libya,0,16,16,100%
rom mexico mexico,0,14,14,100%
rom mutant mutant,0,28,28,100%
rom prison prison,0,16,16,100%
rom puerto puerto,0,16,16,100%
rom religion religion,0,20,20,100%
rom religion religion,0,14,14,100%
rom shoppers shoppers,0,16,16,100%
rom south south,0,18,18,100%
rom supporters supporters,0,14,14,100%
ronze star,0,21,21,100%
rooke jones jones,0,14,14,100%
rophy points,0,14,14,100%
ross dress dress,0,44,44,100%
rotest bloomberg,0,16,16,100%
rotest something something,0,16,16,100%
roup feels feels,0,30,30,100%
rrest people people,0,26,26,100%
rschienen artikel artikel,0,15,15,100%
rticle reporting reporting,0,26,26,100%
rug addicts addicts,0,14,14,100%
rug dealer dealer,0,17,17,100%
rug lab lab,0,19,19,100%
rummer travis travis,0,22,22,100%
s beware beware,0,16,16,100%
s elvis elvis,0,15,15,100%
s gay gay,0,13,13,100%
s lazy lazy,0,19,19,100%
s lisa lisa,0,13,13,100%
s nothing nothing,0,17,17,100%
s vick vick,0,13,13,100%
sa trojan trojan,0,14,14,100%
sc football football,0,13,13,100%
shley flores flores,0,14,14,100%
sis issues issues,0,15,15,100%
sk allison,0,17,17,100%
sland jail jail,0,14,14,100%
ss hoaxes hoaxes,0,27,27,100%
ssassin team team,0,15,15,100%
ssociation apa apa,0,18,18,100%
t gunpoint gunpoint,0,14,14,100%
t heres heres,0,20,20,100%
t hollywood hollywood,0,16,16,100%
t home home,0,26,26,100%
t rio rio,0,16,16,100%
t s s,0,20,20,100%
t s s,0,20,20,100%
tanford university university,0,13,13,100%
tar blake blake,0,14,14,100%
tar danny danny,0,21,21,100%
tar doug doug,0,22,22,100%
tar lebron lebron,0,16,16,100%
tar stephen stephen,0,15,15,100%
tarbucks drinks drinks,0,15,15,100%
tarr claims claims,0,16,16,100%
tate defense defense,0,15,15,100%
tate estimates estimates,0,19,19,100%
tate governors governors,0,14,14,100%
tate legislators legislators,0,14,14,100%
tate mind mind,0,114,114,100%
tate senate senate,0,15,15,100%
tate troopers troopers,0,19,19,100%
tate troopers troopers,0,18,18,100%
tatement reproduces reproduces,0,17,17,100%
tatues reveals reveals,0,19,19,100%
teve irwin irwin,0,13,13,100%
teve urkel urkel,0,16,16,100%
th heaven heaven,0,21,21,100%
ther versions,0,20,20,100%
tone slabs slabs,0,36,36,100%
tore owner owner,0,29,29,100%
tories story story,0,15,15,100%
tray pitbull pitbull,0,13,13,100%
treet journal journal,0,14,14,100%
ts inventors inventors,0,13,13,100%
ts sex sex,0,25,25,100%
ts trainer trainer,0,17,17,100%
ttpwwwinfowarscomwpcontentuploadsbrainforceejpg httpwwwinfowarsstorecomhealthandwellnessinfowarslifebrainforcehtmlimstzrwuutm_campaigninfowarsplacementutm_sourceinfowarscomutm_mediumwidgetutm_contentbrainforce httpwwwinfowarsstorecomhealthandwellnessinfowarslifebrainforcehtmlimstzrwuutm_campaigninfowarsplacementutm_sourceinfowarscomutm_mediumwidgetutm_contentbrainforce,0,114,114,100%
ttpwwwinfowarsstorecomhealthandwellnessinfowarslifebrainforcehtmlimstzrwuutm_campaigninfowarsplacementutm_sourceinfowarscomutm_mediumwidgetutm_contentbrainforce brain brain,0,95,95,100%
ttpwwwinfowarsstorecomhealthandwellnessinfowarslifebrainforcehtmlimstzrwuutm_campaigninfowarsplacementutm_sourceinfowarscomutm_mediumwidgetutm_contentbrainforce httpwwwinfowarsstorecomhealthandwellnessinfowarslifebrainforcehtmlimstzrwuutm_campaigninfowarsplacementutm_sourceinfowarscomutm_mediumwidgetutm_contentbrainforce httpwwwinfowarsstorecomhealthandwellnessinfowarslifebrainforcehtmlimstzrwuutm_campaigninfowarsplacementutm_sourceinfowarscomutm_mediumwidgetutm_contentbrainforce,0,95,95,100%
tudent id id,0,15,15,100%
tudy fellatio fellatio,0,14,14,100%
tudy undertaken undertaken,0,13,13,100%
ucket challenge challenge,0,13,13,100%
udge david david,0,13,13,100%
uggests teachers teachers,0,15,15,100%
ullet gang gang,0,31,31,100%
uriosity rover rover,0,38,38,100%
usband paul paul,0,14,14,100%
usband s s,0,26,26,100%
useum f,0,19,19,100%
v maersk maersk,0,14,14,100%
ver obamacare obamacare,0,16,16,100%
verage iq iq,0,19,19,100%
wayne johnson johnson,0,13,13,100%
weet email email,0,28,28,100%
weet rumor,0,14,14,100%
wiffer wet wet,0,24,24,100%
witch supercharge supercharge,0,114,114,100%
witter facebook facebook,0,23,23,100%
witter please please,0,26,26,100%
wn genitals genitals,0,22,22,100%
wn house house,0,15,15,100%
xercise eminent eminent,0,20,20,100%
y account account,0,18,18,100%
y advocates advocates,0,28,28,100%
y ancestors ancestors,0,39,39,100%
y birthday birthday,0,13,13,100%
y cell cell,0,14,14,100%
y dear dear,0,44,44,100%
y inbox inbox,0,16,16,100%
y inflation inflation,0,13,13,100%
y jesus jesus,0,20,20,100%
y law law,0,15,15,100%
y sarah sarah,0,16,16,100%
y scott scott,0,14,14,100%
y swindlers swindlers,0,14,14,100%
y wife wife,0,14,14,100%
y words words,0,18,18,100%
yewitness account account,0,40,40,100%
yler jackson jackson,0,14,14,100%
ynda mapes mapes,0,24,24,100%
zech republic republic,0,17,17,100%
o kill kill,1,119,120,99%
laim president president,1,93,94,99%
ce bucket bucket,1,90,91,99%
act check check,1,74,75,99%
alaysia airlines airlines,2,144,146,99%
l chapo chapo,1,61,62,98%
ommunist rules rules,1,60,61,98%
epartment store store,1,52,53,98%
rom god god,1,52,53,98%
odium lauryl lauryl,1,48,49,98%
ork mayor mayor,1,48,49,98%
barack obam,1,45,46,98%
brand marijuan,1,42,43,98%
s planning planning,1,42,43,98%
rand marijuana marijuana,1,41,42,98%
esus christ christ,1,40,41,98%
nder god god,1,40,41,98%
inosaur egg egg,2,77,79,97%
homeless ma,1,37,38,97%
f readers readers,1,36,37,97%
itt romney,1,35,36,97%
im jong jong,1,34,35,97%
bet b,1,33,34,97%
act check check,1,33,34,97%
hey dont dont,1,33,34,97%
irlines flight flight,1,33,34,97%
rug lord lord,1,32,33,97%
t sandy sandy,1,32,33,97%
act check check,5,157,162,97%
ress conference conference,1,31,32,97%
trojan hors,1,30,31,97%
word fo,1,30,31,97%
eapons systems systems,1,29,30,97%
inter i i,1,29,30,97%
re inadequate inadequate,1,29,30,97%
gg hatches hatches,2,57,59,97%
bush arreste,1,28,29,97%
laim video video,2,53,55,96%
press releas,1,26,27,96%
video cli,1,26,27,96%
arack obama obama,1,26,27,96%
lease pray pray,1,26,27,96%
orum contact contact,1,26,27,96%
redit card card,1,26,27,96%
y syringes syringes,1,26,27,96%
act check check,1,25,26,96%
act check check,1,25,26,96%
dd snopes snopes,1,25,26,96%
eorge zimmerman zimmerman,1,25,26,96%
o gas gas,1,25,26,96%
ord joaquin joaquin,1,25,26,96%
t tennessee tennessee,1,25,26,96%
d sullivan sullivan,1,24,25,96%
nder sharia sharia,1,24,25,96%
r fact fact,1,24,25,96%
f donald donald,2,47,49,96%
danger o,1,23,24,96%
menace t,1,23,24,96%
reply repor,1,23,24,96%
elp log log,1,23,24,96%
enator dianne dianne,1,23,24,96%
ix toes toes,1,23,24,96%
ogin home home,1,23,24,96%
pent millions millions,1,23,24,96%
redit card card,1,23,24,96%
rettiest man man,1,23,24,96%
message fro,1,22,23,96%
earch posts posts,1,22,23,96%
eparation tax tax,1,22,23,96%
ou didn,1,22,23,96%
ree america america,1,22,23,96%
rett m m,1,22,23,96%
y brett,1,22,23,96%
bush proclaime,1,21,22,95%
christensen abou,1,21,22,95%
cure fo,1,21,22,95%
man ha,1,21,22,95%
problem i,1,21,22,95%
tennessee walmar,1,21,22,95%
ate save save,1,21,22,95%
errorist attacks attacks,1,21,22,95%
f date date,1,21,22,95%
lavery reparation reparation,1,21,22,95%
llah status status,1,21,22,95%
ope francis francis,1,21,22,95%
ope francis francis,1,21,22,95%
report i,2,41,43,95%
mail july july,2,41,43,95%
bowling alle,1,20,21,95%
charlie brow,1,20,21,95%
post o,1,20,21,95%
bama administration administration,3,60,63,95%
pdate tesla tesla,1,20,21,95%
t s s,2,40,42,95%
press conferenc,4,78,82,95%
security clearanc,1,19,20,95%
walmart stor,1,19,20,95%
website calle,1,19,20,95%
ar ii ii,1,19,20,95%
ayor michael michael,3,57,60,95%
orth dakota dakota,1,19,20,95%
xpert videos,1,19,20,95%
y bookmarks bookmarks,1,19,20,95%
bout sex sex,2,37,39,95%
statement abou,1,18,19,95%
war o,1,18,19,95%
alent contestant contestant,1,18,19,95%
allets credit credit,1,18,19,95%
arack obama obama,1,18,19,95%
arack obama obama,1,18,19,95%
ecurity clearance clearance,1,18,19,95%
eter v v,1,18,19,95%
f michael michael,1,18,19,95%
hare tweet,1,18,19,95%
iction summary summary,2,36,38,95%
idn t t,1,18,19,95%
lease contact contact,1,18,19,95%
mage depicts,1,18,19,95%
tation customers customers,1,18,19,95%
wareness fyi fyi,1,18,19,95%
orld health health,2,35,37,95%
ban o,2,34,36,94%
meeting wit,1,17,18,94%
andidate john john,1,17,18,94%
eart attacks attacks,1,17,18,94%
er husband,1,17,18,94%
laim dominos dominos,1,17,18,94%
laim president president,1,17,18,94%
niversity student student,1,17,18,94%
t risk risk,1,17,18,94%
verage person person,1,17,18,94%
xclamation holy holy,1,17,18,94%
y account account,1,17,18,94%
claim tha,2,33,35,94%
acebook twitter twitter,2,33,35,94%
arge hadron hadron,2,33,35,94%
o control control,2,33,35,94%
m reply reply,24,395,419,94%
hoax bu,1,16,17,94%
love th,1,16,17,94%
movie i,1,16,17,94%
report fro,1,16,17,94%
way o,1,16,17,94%
alk show show,1,16,17,94%
ancer society society,1,16,17,94%
ast week week,1,16,17,94%
aul rules rules,1,16,17,94%
gainst president president,1,16,17,94%
mail august august,1,16,17,94%
nd i i,1,16,17,94%
ood luck luck,1,16,17,94%
orld s s,1,16,17,94%
ormer secretary secretary,1,16,17,94%
rayvon martin martin,1,16,17,94%
redit cards cards,1,16,17,94%
company calle,2,31,33,94%
photograph showin,1,15,16,94%
share rea,1,15,16,94%
sign tha,1,15,16,94%
stray pitbul,1,15,16,94%
anet jackson jackson,1,15,16,94%
eorge zimmerman zimmerman,1,15,16,94%
esk whats whats,1,15,16,94%
etter call call,1,15,16,94%
ew account account,1,15,16,94%
ew articles articles,1,15,16,94%
f i i,1,15,16,94%
idel castro castro,1,15,16,94%
isclaimer privacy privacy,1,15,16,94%
mall amounts amounts,1,15,16,94%
o kill kill,1,15,16,94%
o record record,1,15,16,94%
orth dakota dakota,1,15,16,94%
oter fraud fraud,1,15,16,94%
s soldiers soldiers,2,30,32,94%
tate senator senator,1,15,16,94%
y president president,3,45,48,94%
mail january january,2,29,31,94%
killer whal,1,14,15,93%
los angele,3,42,45,93%
president obam,1,14,15,93%
stranger net,1,14,15,93%
syringe i,1,14,15,93%
video t,1,14,15,93%
week o,1,14,15,93%
asn t t,1,14,15,93%
earch metro metro,1,14,15,93%
ew york york,2,28,30,93%
hen kanye kanye,1,14,15,93%
hilip morris morris,1,14,15,93%
idn t t,2,28,30,93%
igger brown brown,1,14,15,93%
interest reddit reddit,1,14,15,93%
nder fishy fishy,2,28,30,93%
ohns hopkins hopkins,1,14,15,93%
r log log,1,14,15,93%
rom saucy saucy,1,14,15,93%
roperty search search,1,14,15,93%
y mouth mouth,1,14,15,93%
story tha,2,27,29,93%
summer i,2,27,29,93%
ope francis francis,2,27,29,93%
ser id id,4,54,58,93%
rticle fact fact,3,40,43,93%
heroin overdos,1,13,14,93%
home compute,1,13,14,93%
person wh,1,13,14,93%
photograph capture,1,13,14,93%
ashion food food,1,13,14,93%
ate nov nov,1,13,14,93%
bama campaign campaign,1,13,14,93%
bout martin martin,1,13,14,93%
ctor judd judd,1,13,14,93%
enter tower tower,1,13,14,93%
errorism picks picks,1,13,14,93%
ews reports reports,2,26,28,93%
hristmas cards cards,2,26,28,93%
ia rumor,1,13,14,93%
ife savers savers,1,13,14,93%
ig brother brother,1,13,14,93%
im hunter,1,13,14,93%
logs competitions competitions,1,13,14,93%
mail print print,1,13,14,93%
mail text text,1,13,14,93%
ompetitions jobs jobs,1,13,14,93%
ope francis francis,1,13,14,93%
rofile ignore ignore,2,26,28,93%
tranger nets,1,13,14,93%
wiffer poses,1,13,14,93%
glass o,3,38,41,93%
bill tha,2,25,27,93%
rumor tha,2,25,27,93%
bama s s,2,25,27,93%
arack obama obama,6,74,80,92%
hows president president,3,37,40,92%
believe tha,2,24,26,92%
comment clai,1,12,13,92%
confederate fla,1,12,13,92%
facebook pos,1,12,13,92%
glimpse o,1,12,13,92%
heard thi,1,12,13,92%
hoax i,1,12,13,92%
law requirin,1,12,13,92%
lawsuit agains,1,12,13,92%
photograph purportedl,1,12,13,92%
shark attackin,1,12,13,92%
tryout b,1,12,13,92%
video show,1,12,13,92%
war crimina,3,36,39,92%
addison foster foster,1,12,13,92%
ang initiates initiates,1,12,13,92%
anye west,2,24,26,92%
arack obama obama,2,24,26,92%
arge amounts amounts,1,12,13,92%
arilyn monroe monroe,2,24,26,92%
artoon characters characters,1,12,13,92%
ashington senators senators,1,12,13,92%
bama birth birth,1,12,13,92%
bama health health,1,12,13,92%
braham lincoln lincoln,1,12,13,92%
dition china china,1,12,13,92%
dition italy italy,1,12,13,92%
dition japan japan,1,12,13,92%
eddit linkedin linkedin,1,12,13,92%
elevision terrorism terrorism,1,12,13,92%
entury wire wire,1,12,13,92%
ersion display display,1,12,13,92%
ertain symbols symbols,1,12,13,92%
esla spacex spacex,2,24,26,92%
f palestinians palestinians,1,12,13,92%
hatsapp share share,1,12,13,92%
hotograph shows shows,2,24,26,92%
inkedin whatsapp whatsapp,1,12,13,92%
ith lsd lsd,1,12,13,92%
laim image image,1,12,13,92%
laim video video,1,12,13,92%
m snopes snopes,1,12,13,92%
m snopes snopes,1,12,13,92%
mail december december,2,24,26,92%
mall brass brass,1,12,13,92%
n offer offer,1,12,13,92%
nd use use,1,12,13,92%
o blame blame,1,12,13,92%
o curb curb,1,12,13,92%
o drink,1,12,13,92%
oards search search,1,12,13,92%
ood travel travel,1,12,13,92%
outh america america,1,12,13,92%
rad students students,1,12,13,92%
rass monkeys monkeys,1,12,13,92%
rass plates plates,1,12,13,92%
rison sentence sentence,1,12,13,92%
rother soaps soaps,1,12,13,92%
rovide insurance insurance,1,12,13,92%
t s s,1,12,13,92%
v film film,1,12,13,92%
weet share share,1,12,13,92%
bush holdin,2,23,25,92%
arack obama,18,207,225,92%
hite house house,2,23,25,92%
rror messages messages,2,23,25,92%
fter reports reports,3,34,37,92%
eutsch nederlands nederlands,2,22,24,92%
mail march march,2,22,24,92%
ndor banking banking,2,22,24,92%
op rocks rocks,2,22,24,92%
pace shuttle shuttle,2,22,24,92%
prah winfrey winfrey,2,22,24,92%
sage andor andor,2,22,24,92%
t s s,2,22,24,92%
deutsch nederland,2,21,23,91%
pile o,2,21,23,91%
reply g,2,21,23,91%
restaurant i,2,21,23,91%
telephone upsid,2,21,23,91%
abbage patch patch,2,21,23,91%
errys vietnam vietnam,2,21,23,91%
ew york york,2,21,23,91%
ith rfid rfid,2,21,23,91%
l s s,2,21,23,91%
p punching,2,21,23,91%
act check check,18,188,206,91%
tax o,3,31,34,91%
copy o,7,72,79,91%
age page page,5,51,56,91%
love luc,2,20,22,91%
woman wa,2,20,22,91%
act check check,2,20,22,91%
lease pass pass,2,20,22,91%
o hundreds hundreds,2,20,22,91%
o i i,2,20,22,91%
ran ais ais,2,20,22,91%
spa ol,2,20,22,91%
reference t,4,39,43,91%
o show,4,39,43,91%
birth certificat,3,29,32,91%
id sarah sarah,3,29,32,91%
resident obama,10,96,106,91%
cup o,2,19,21,90%
f america america,2,19,21,90%
ife cereal cereal,2,19,21,90%
nd i i,2,19,21,90%
o hell hell,2,19,21,90%
olitics tech tech,2,19,21,90%
ome business business,2,19,21,90%
ope francis francis,4,38,42,90%
mixture o,5,47,52,90%
age type type,5,47,52,90%
ype article,5,47,52,90%
y records records,3,28,31,90%
imes times times,8,74,82,90%
team o,6,55,61,90%
bottle o,2,18,20,90%
chain lette,2,18,20,90%
comment sho,3,27,30,90%
ain menu menu,3,27,30,90%
ex offender offender,2,18,20,90%
hare facebook facebook,7,63,70,90%
ith haiku haiku,2,18,20,90%
ity council council,2,18,20,90%
ll sorts sorts,2,18,20,90%
mail april april,3,27,30,90%
omment show show,3,27,30,90%
rayvon martin martin,2,18,20,90%
reat wall wall,4,36,40,90%
resident obama obama,5,44,49,90%
heriff joe joe,3,26,29,90%
oston marathon marathon,5,43,48,90%
country base,2,17,19,89%
jar o,2,17,19,89%
prisoner o,2,17,19,89%
acebook tweet tweet,2,17,19,89%
ereal fame fame,2,17,19,89%
inger justin justin,2,17,19,89%
mage example example,2,17,19,89%
o buy,2,17,19,89%
oesnt wear wear,2,17,19,89%
rain tumors tumors,2,17,19,89%
sama bin bin,2,17,19,89%
weet share share,4,34,38,89%
witter facebook facebook,2,17,19,89%
exas department department,3,25,28,89%
hreads forums forums,3,25,28,89%
alk show show,4,33,37,89%
resident joe joe,6,49,55,89%
raph tags tags,13,105,118,89%
mountain lio,2,16,18,89%
photo opportunit,2,16,18,89%
reward fo,2,16,18,89%
ancer brain brain,2,16,18,89%
bama campaign campaign,2,16,18,89%
f merry merry,2,16,18,89%
hoto opportunity opportunity,2,16,18,89%
isney gods gods,2,16,18,89%
nd i i,2,16,18,89%
o michelle michelle,2,16,18,89%
ods goddesses goddesses,2,16,18,89%
oncentration camp camp,2,16,18,89%
ouldn t t,2,16,18,89%
ww snopes snopes,3,24,27,89%
y companies companies,2,16,18,89%
ew york york,6,47,53,89%
o create,11,86,97,89%
mail july july,4,31,35,89%
rack replies replies,3,23,26,88%
rivacy policy policy,3,23,26,88%
t merge merge,3,23,26,88%
half hou,2,15,17,88%
act check check,10,75,85,88%
ar crash crash,2,15,17,88%
arack obama obama,2,15,17,88%
bama s s,4,30,34,88%
f america america,2,15,17,88%
hare pin pin,2,15,17,88%
inkedin tumblr tumblr,2,15,17,88%
ir force,2,15,17,88%
lag lapel lapel,2,15,17,88%
m share share,2,15,17,88%
mail reproduces reproduces,2,15,17,88%
nd i,2,15,17,88%
upermarket scanners scanners,2,15,17,88%
ut i,2,15,17,88%
y admin admin,2,15,17,88%
comment trac,3,22,25,88%
think thi,3,22,25,88%
f wealthy wealthy,3,22,25,88%
mail twitter twitter,3,22,25,88%
ntire state state,3,22,25,88%
daughter mali,4,29,33,88%
pit bul,4,29,33,88%
ice president president,7,50,57,88%
history o,3,21,24,88%
hole throug,3,21,24,88%
lot t,2,14,16,88%
saw th,2,14,16,88%
share faceboo,2,14,16,88%
acebook scam scam,2,14,16,88%
addam hussein hussein,2,14,16,88%
age email email,2,14,16,88%
arack obamas obamas,2,14,16,88%
cam hoax hoax,2,14,16,88%
earch titles titles,2,14,16,88%
ffbeat entries entries,2,14,16,88%
inutes interview interview,2,14,16,88%
m post post,6,42,48,88%
ollege crime crime,2,14,16,88%
rom work work,2,14,16,88%
t fun fun,2,14,16,88%
tar justin justin,2,14,16,88%
y create create,2,14,16,88%
y feeds feeds,2,14,16,88%
y trends trends,7,49,56,88%
ee details details,6,41,47,87%
edia vladimir vladimir,42,283,325,87%
eality vlaamse vlaamse,40,268,308,87%
ladimir putin putin,44,294,338,87%
dont wan,3,20,23,87%
seem t,3,20,23,87%
e didn,6,40,46,87%
eorge h,3,20,23,87%
ideo clip clip,27,180,207,87%
o help help,6,40,46,87%
orums groups groups,3,20,23,87%
weet fact fact,6,40,46,87%
convenience stor,5,33,38,87%
y email email,9,59,68,87%
barn ful,2,13,15,87%
saw i,2,13,15,87%
trophy point,2,13,15,87%
arack obama obama,2,13,15,87%
arack obama obama,2,13,15,87%
arack obama obama,4,26,30,87%
bama signs signs,2,13,15,87%
ct celebrity celebrity,2,13,15,87%
e couldn,2,13,15,87%
e modification modification,2,13,15,87%
e profil profil,2,13,15,87%
ealth care care,8,52,60,87%
elebrity sex sex,2,13,15,87%
elp blog blog,2,13,15,87%
enators baseball baseball,2,13,15,87%
epost share share,2,13,15,87%
ew articles articles,2,13,15,87%
ew post post,2,13,15,87%
hare br br,2,13,15,87%
hare share share,2,13,15,87%
hen i i,2,13,15,87%
id ann ann,2,13,15,87%
igns executive executive,2,13,15,87%
ike repost repost,2,13,15,87%
intage automobiles automobiles,2,13,15,87%
log faq faq,2,13,15,87%
ore stories stories,2,13,15,87%
p div div,2,13,15,87%
rivacy policy policy,2,13,15,87%
rofil sign sign,2,13,15,87%
s chief chief,2,13,15,87%
t email email,2,13,15,87%
witter google google,4,26,30,87%
facebook pag,5,32,37,86%
ations vaccines vaccines,35,224,259,86%
think i,8,51,59,86%
ink share share,39,248,287,86%
w bus,3,19,22,86%
woman ha,3,19,22,86%
andidate donald donald,6,38,44,86%
arge number number,3,19,22,86%
fficer darren darren,3,19,22,86%
y snopes snopes,3,19,22,86%
bout hoaxes hoaxes,46,291,337,86%
news stor,4,25,29,86%
website tha,4,25,29,86%
olicy contact contact,4,25,29,86%
sama bin bin,40,250,290,86%
witter place place,39,242,281,86%
ech hoax hoax,46,283,329,86%
bush statu,2,12,14,86%
m goin,3,18,21,86%
petition t,2,12,14,86%
read th,2,12,14,86%
sense o,2,12,14,86%
teenage bo,3,18,21,86%
type o,4,24,28,86%
woman name,2,12,14,86%
alendar discover discover,2,12,14,86%
anmade object object,2,12,14,86%
arack obama obama,2,12,14,86%
arry potter potter,2,12,14,86%
ater create create,2,12,14,86%
bamas birth birth,5,30,35,86%
ealth care care,3,18,21,86%
enu skip skip,9,54,63,86%
ew articles articles,2,12,14,86%
f boxing boxing,2,12,14,86%
hailand hotel hotel,2,12,14,86%
hortstop derek derek,2,12,14,86%
illion lawsuit lawsuit,2,12,14,86%
lip shows shows,2,12,14,86%
ntries views views,2,12,14,86%
omosexuality horror horror,3,18,21,86%
orror juvenilia juvenilia,3,18,21,86%
ot use use,2,12,14,86%
rade center center,3,18,21,86%
reat deal deal,3,18,21,86%
reate poll poll,2,12,14,86%
rticle rumor,3,18,21,86%
ss comments comments,2,12,14,86%
t thailand thailand,2,12,14,86%
weet rumor rumor,2,12,14,86%
y fda fda,2,12,14,86%
nternet trends trends,47,277,324,85%
rticle photograph photograph,8,47,55,85%
t didn,4,23,27,85%
ew york york,7,40,47,85%
brand ne,3,17,20,85%
story abou,6,34,40,85%
woman i,6,34,40,85%
ay show show,9,51,60,85%
bservation deck deck,3,17,20,85%
eplies comments,3,17,20,85%
esus christ christ,3,17,20,85%
ood health health,3,17,20,85%
ork city city,3,17,20,85%
ow answer answer,6,34,40,85%
rade center center,3,17,20,85%
witter share share,3,17,20,85%
y email email,33,185,218,85%
contact u,5,28,33,85%
ag adult adult,5,28,33,85%
dult image image,5,28,33,85%
ew tag tag,5,28,33,85%
matter o,12,67,79,85%
lip shows,18,100,118,85%
boy name,2,11,13,85%
facebook twitte,2,11,13,85%
gen i,2,11,13,85%
grain o,2,11,13,85%
heckler durin,2,11,13,85%
knew i,2,11,13,85%
remake o,2,11,13,85%
shipment o,2,11,13,85%
story o,4,22,26,85%
time i,2,11,13,85%
tour o,2,11,13,85%
ack snopes,2,11,13,85%
bama president president,2,11,13,85%
da labor labor,2,11,13,85%
ecent forums forums,4,22,26,85%
ech travel travel,2,11,13,85%
enator john john,2,11,13,85%
ews videos videos,2,11,13,85%
hat shows,2,11,13,85%
ideo top top,4,22,26,85%
lection photograph photograph,2,11,13,85%
n i i,2,11,13,85%
o learn learn,4,22,26,85%
o show show,2,11,13,85%
ola drink drink,2,11,13,85%
olice officers officers,4,22,26,85%
ome business business,2,11,13,85%
oogle linkedin linkedin,2,11,13,85%
ork city city,2,11,13,85%
rticle rumor rumor,2,11,13,85%
ruit trees trees,2,11,13,85%
t cars cars,2,11,13,85%
t doesn,4,22,26,85%
t s s,2,11,13,85%
please logi,7,38,45,84%
errorist attacks attacks,5,27,32,84%
mage yes yes,5,27,32,84%
rivacy policy policy,5,27,32,84%
weet pin pin,5,27,32,84%
nopes fact fact,8,43,51,84%
y david david,8,43,51,84%
chool homosexuality homosexuality,3,16,19,84%
eference pages pages,6,32,38,84%
ideo clip clip,3,16,19,84%
lag share share,3,16,19,84%
mail log log,3,16,19,84%
o kill,3,16,19,84%
t gas gas,3,16,19,84%
arack obama obama,7,37,44,84%
artin luther luther,23,121,144,84%
bama campaign campaign,4,21,25,84%
egends information information,8,42,50,84%
rban legend,4,21,25,84%
ancel older,5,26,31,84%
dd cancel cancel,5,26,31,84%
dd snopes snopes,7,36,43,84%
arack obama obama,22,113,135,84%
earch categories categories,25,128,153,84%
s subscribe subscribe,15,76,91,84%
nimals crime crime,27,136,163,83%
report o,3,15,18,83%
taco bel,3,15,18,83%
ampaign chairman chairman,5,25,30,83%
ategories animals animals,26,130,156,83%
ealth politics politics,3,15,18,83%
earch results results,3,15,18,83%
ections answers answers,3,15,18,83%
ift cards cards,3,15,18,83%
olitics money money,3,15,18,83%
oney sports sports,3,15,18,83%
p photo photo,3,15,18,83%
ports interviews interviews,3,15,18,83%
rom plays plays,5,25,30,83%
s home home,4,20,24,83%
sn t t,3,15,18,83%
spa ol ol,3,15,18,83%
witter sign sign,4,20,24,83%
hotograph shows shows,11,54,65,83%
ew york york,8,39,47,83%
earch web web,7,34,41,83%
o become,6,29,35,83%
child i,5,24,29,83%
combination o,5,24,29,83%
lays likes likes,5,24,29,83%
acebook share share,70,335,405,83%
t s,23,110,133,83%
sign o,4,19,23,83%
aid tuesday tuesday,4,19,23,83%
aul joseph joseph,4,19,23,83%
ews politics politics,16,76,92,83%
f use use,4,19,23,83%
ichelle obama,8,38,46,83%
ith twitter twitter,4,19,23,83%
cademics arts arts,16,75,91,82%
ealth hobbies hobbies,16,75,91,82%
ech post post,16,75,91,82%
eligion society society,16,75,91,82%
ociety sports sports,16,75,91,82%
olitics religion religion,16,75,91,82%
ports tech tech,16,75,91,82%
rts business business,16,75,91,82%
d lik,3,14,17,82%
find i,3,14,17,82%
question abou,3,14,17,82%
erge cancel cancel,3,14,17,82%
hey don,9,42,51,82%
mail print print,3,14,17,82%
n packages packages,3,14,17,82%
orld s s,3,14,17,82%
t tweet,6,28,34,82%
ll academics academics,16,74,90,82%
onitor favorites favorites,16,74,90,82%
rowse trends trends,16,74,90,82%
lot mor,5,23,28,82%
ay i i,5,23,28,82%
hairman john john,5,23,28,82%
hares share share,5,23,28,82%
ts name name,10,46,56,82%
ode switch switch,25,114,139,82%
photograph o,13,59,72,82%
world trad,4,18,22,82%
hacha menu menu,4,18,22,82%
ll forums forums,4,18,22,82%
ost share share,4,18,22,82%
arack obama obama,9,40,49,82%
lease try try,7,31,38,82%
sign i,20,88,108,81%
video o,10,44,54,81%
age hide hide,5,22,27,81%
enu profile profile,5,22,27,81%
essage quora quora,5,22,27,81%
o add,25,110,135,81%
port health health,10,44,54,81%
t hood hood,5,22,27,81%
tate hillary hillary,10,44,54,81%
w bush bush,5,22,27,81%
n july,8,35,43,81%
hole i,3,13,16,81%
img alt,6,26,32,81%
move tha,3,13,16,81%
view o,3,13,16,81%
ew york york,3,13,16,81%
hat i,3,13,16,81%
ho don,3,13,16,81%
laim senator senator,3,13,16,81%
mail warns warns,3,13,16,81%
mall amount amount,3,13,16,81%
o build,3,13,16,81%
ormer fannie fannie,3,13,16,81%
heart attac,16,69,85,81%
hare tweet tweet,14,60,74,81%
welve days days,7,30,37,81%
believe i,4,17,21,81%
child wit,4,17,21,81%
month ag,8,34,42,81%
ames sports sports,4,17,21,81%
ashion news news,4,17,21,81%
atalog contact contact,4,17,21,81%
ewer home home,4,17,21,81%
ews politics politics,4,17,21,81%
o answer answer,8,34,42,81%
o post,4,17,21,81%
o reply,4,17,21,81%
ports music music,4,17,21,81%
rban legends,4,17,21,81%
t s s,4,17,21,81%
witter google google,4,17,21,81%
man i,13,55,68,81%
essages thanks thanks,5,21,26,81%
rofile send,5,21,26,81%
tory get get,5,21,26,81%
year ol,16,67,83,81%
o get,16,67,83,81%
embers posts posts,7,29,36,81%
acebook twitter twitter,10,41,51,80%
decade o,3,12,15,80%
form o,7,28,35,80%
handful o,9,36,45,80%
know i,7,28,35,80%
life o,3,12,15,80%
site tha,3,12,15,80%
ain content content,4,16,20,80%
arack obama obama,6,24,30,80%
arack obama obama,10,40,50,80%
ccount describes,3,12,15,80%
ccount log log,3,12,15,80%
chedule search search,3,12,15,80%
evenge rock rock,5,20,25,80%
ew years years,5,20,25,80%
ews answers answers,3,12,15,80%
ews entertainment entertainment,3,12,15,80%
ews politics politics,3,12,15,80%
ews politics politics,3,12,15,80%
illion worth worth,4,16,20,80%
inkedin twitter twitter,4,16,20,80%
ist skip skip,4,16,20,80%
kraine syria syria,3,12,15,80%
laim president president,4,16,20,80%
log twitter twitter,4,16,20,80%
m claim claim,3,12,15,80%
ock stars stars,5,20,25,80%
ork world world,3,12,15,80%
p log log,5,20,25,80%
reate explore explore,10,40,50,80%
resident woodrow woodrow,3,12,15,80%
s donald donald,3,12,15,80%
ser tools tools,4,16,20,80%
t s s,3,12,15,80%
taff blog blog,3,12,15,80%
tars tales tales,5,20,25,80%
tems channels channels,3,12,15,80%
v schedule schedule,3,12,15,80%
weet email email,3,12,15,80%
witter tools tools,4,16,20,80%
yria entertainment entertainment,3,12,15,80%
essages likes likes,11,43,54,80%
bunch o,10,39,49,80%
log entries entries,9,35,44,80%
ehr account account,8,31,39,79%
portrait o,7,27,34,79%
essages date date,6,23,29,79%
hare pin pin,6,23,29,79%
inkedin google google,6,23,29,79%
interest linkedin linkedin,6,23,29,79%
m snopes,6,23,29,79%
weet submit submit,6,23,29,79%
cience sport sport,11,42,53,79%
story ge,5,19,24,79%
dentity politics politics,5,19,24,79%
eligion revenge revenge,5,19,24,79%
ew england england,5,19,24,79%
ew york york,5,19,24,79%
olitics pornography pornography,5,19,24,79%
ornography pregnancy pregnancy,5,19,24,79%
regnancy prostitution prostitution,5,19,24,79%
rostitution religion religion,5,19,24,79%
year ag,28,106,134,79%
group o,36,136,172,79%
echnology science science,9,34,43,79%
enu home home,4,15,19,79%
iv none none,4,15,19,79%
boy wh,7,26,33,79%
r ben ben,14,52,66,79%
farm machin,3,11,14,79%
pair o,12,44,56,79%
pickup truc,3,11,14,79%
place t,3,11,14,79%
aid hillary hillary,3,11,14,79%
alt disney disney,3,11,14,79%
arack h h,3,11,14,79%
eport post post,3,11,14,79%
f users users,3,11,14,79%
ideo shows shows,3,11,14,79%
ith others others,6,22,28,79%
laim letter letter,3,11,14,79%
lease login login,15,55,70,79%
n tuesday tuesday,3,11,14,79%
ode pm,6,22,28,79%
ot apple apple,3,11,14,79%
st facebook facebook,6,22,28,79%
dont kno,17,62,79,78%
view profil,22,80,102,78%
ccount options options,8,29,37,78%
acebook linkedin linkedin,5,18,23,78%
acebook twitter twitter,5,18,23,78%
ccount log log,5,18,23,78%
ealth world world,12,43,55,78%
picture o,31,111,142,78%
log i,7,25,32,78%
logger fotos fotos,7,25,32,78%
ocs noch noch,7,25,32,78%
ogin register register,7,25,32,78%
oogle docs docs,7,25,32,78%
number o,52,184,236,78%
onald trump,13,46,59,78%
box o,4,14,18,78%
man wa,4,14,18,78%
sex offende,4,14,18,78%
topix use,4,14,18,78%
abor day day,4,14,18,78%
acebook twitter twitter,32,112,144,78%
bama barack barack,6,21,27,78%
dd thread thread,4,14,18,78%
earch home home,6,21,27,78%
m mst mst,6,21,27,78%
m post,4,14,18,78%
o content content,14,49,63,78%
olicy terms terms,12,42,54,78%
orld s s,4,14,18,78%
p update update,4,14,18,78%
re planning planning,4,14,18,78%
tar wars wars,4,14,18,78%
y ip ip,4,14,18,78%
m view view,13,45,58,78%
aq terms terms,9,31,40,78%
dit delete delete,9,31,40,78%
hare clip clip,9,31,40,78%
mail claims claims,9,31,40,78%
nopes snopes snopes,9,31,40,78%
ost share share,9,31,40,78%
thought i,7,24,31,77%
eedback profil profil,7,24,31,77%
uestions galleries galleries,7,24,31,77%
mail link link,12,41,53,77%
join dat,5,17,22,77%
share o,5,17,22,77%
arack hussein hussein,15,51,66,77%
dvertise contact contact,5,17,22,77%
gn boards boards,5,17,22,77%
o ign ign,5,17,22,77%
ou get,5,17,22,77%
rief analysis analysis,8,27,35,77%
result o,17,57,74,77%
bag o,3,10,13,77%
coma afte,3,10,13,77%
poem b,3,10,13,77%
review o,3,10,13,77%
statue o,3,10,13,77%
acebook sign sign,6,20,26,77%
arm machine machine,3,10,13,77%
e communities communities,9,30,39,77%
e don,6,20,26,77%
ealth planet planet,3,10,13,77%
essage claims claims,6,20,26,77%
eyboard loggers loggers,3,10,13,77%
f america america,3,10,13,77%
ill help help,3,10,13,77%
lag represent represent,3,10,13,77%
lanet earth earth,3,10,13,77%
o protect protect,6,20,26,77%
ommit suicide suicide,3,10,13,77%
onald trumps trumps,3,10,13,77%
ood stamps stamps,3,10,13,77%
ookies policies policies,3,10,13,77%
op post post,3,10,13,77%
ports business business,3,10,13,77%
resident donald donald,3,10,13,77%
resident ronald ronald,3,10,13,77%
photograph sho,13,43,56,77%
acebook landing landing,7,23,30,77%
earch login login,7,23,30,77%
iew blog blog,25,82,107,77%
girl wh,8,26,34,76%
problem wit,4,13,17,76%
ame email email,4,13,17,76%
ark forums forums,16,52,68,76%
art simpson simpson,4,13,17,76%
ast week week,4,13,17,76%
mail april april,4,13,17,76%
mail january january,4,13,17,76%
o use use,4,13,17,76%
ost count count,4,13,17,76%
ount copy copy,4,13,17,76%
pdate post post,4,13,17,76%
rowser channel channel,4,13,17,76%
hotograph shows shows,13,42,55,76%
efense donald donald,9,29,38,76%
o post post,9,29,38,76%
rofil ge ge,9,29,38,76%
comma newe,5,16,21,76%
search fo,5,16,21,76%
speech b,5,16,21,76%
echnology world world,5,16,21,76%
eparate names names,5,16,21,76%
han search search,5,16,21,76%
oin date date,15,48,63,76%
onths pm pm,5,16,21,76%
ools sign sign,5,16,21,76%
reate account account,5,16,21,76%
ser user user,5,16,21,76%
ser user user,5,16,21,76%
t isn,5,16,21,76%
chance t,6,19,25,76%
alendar mark mark,6,19,25,76%
hare tweet tweet,6,19,25,76%
id donald donald,6,19,25,76%
mail drive drive,6,19,25,76%
t wasn,12,38,50,76%
ake america america,14,44,58,76%
alender books books,7,22,29,76%
ccount facebook facebook,7,22,29,76%
ew york york,7,22,29,76%
o help help,7,22,29,76%
reate account account,7,22,29,76%
danger t,8,25,33,76%
y name name,8,25,33,76%
eedback hilfe hilfe,10,31,41,76%
list o,41,125,166,75%
lack o,6,18,24,75%
student wh,4,12,16,75%
acine wi wi,8,24,32,75%
alk tip tip,4,12,16,75%
atch racine racine,4,12,16,75%
ay virus virus,4,12,16,75%
bama s s,4,12,16,75%
earch business business,5,15,20,75%
earch search search,5,15,20,75%
ech coed coed,4,12,16,75%
ecurity focus focus,4,12,16,75%
ernie sanders sanders,5,15,20,75%
ew york york,4,12,16,75%
f napoleon napoleon,4,12,16,75%
i scanner scanner,4,12,16,75%
i scanner scanner,4,12,16,75%
ideo shows,15,45,60,75%
irginia tech tech,4,12,16,75%
irus watch watch,4,12,16,75%
ith characteristics characteristics,6,18,24,75%
ith facebook facebook,6,18,24,75%
mail address address,8,24,32,75%
mail search search,5,15,20,75%
mg alt alt,4,12,16,75%
mpair drivers drivers,5,15,20,75%
ocus tech tech,4,12,16,75%
odcasts security security,4,12,16,75%
orld s s,9,27,36,75%
orums news news,4,12,16,75%
resident vladimir vladimir,11,33,44,75%
sc podcasts podcasts,4,12,16,75%
t older,4,12,16,75%
witter google google,5,15,20,75%
link t,23,68,91,75%
photograph show,22,65,87,75%
reat deals deals,10,29,39,74%
nopes page page,29,84,113,74%
oin date date,26,75,101,74%
ate mar mar,8,23,31,74%
t s s,8,23,31,74%
oin date date,14,40,54,74%
orld worth,21,60,81,74%
variety o,26,74,100,74%
linton campaign campaign,6,17,23,74%
ood shooter shooter,6,17,23,74%
part o,11,31,42,74%
ate feb feb,11,31,42,74%
acebook twitter twitter,5,14,19,74%
lease javascript javascript,5,14,19,74%
ork please please,5,14,19,74%
indow click click,38,106,144,74%
weet email email,9,25,34,74%
decade ag,4,11,15,73%
photo o,24,66,90,73%
week ag,4,11,15,73%
ain content content,4,11,15,73%
arack obama obama,4,11,15,73%
bama hillary hillary,4,11,15,73%
eal name name,4,11,15,73%
hannel description description,4,11,15,73%
ikelike reply reply,4,11,15,73%
pril fools fools,4,11,15,73%
rivacy policy policy,19,52,71,73%
deck o,7,19,26,73%
isplay results results,7,19,26,73%
ser name name,13,35,48,73%
collection o,44,118,162,73%
plane cras,6,16,22,73%
f america,6,16,22,73%
mail september september,6,16,22,73%
state o,8,21,29,72%
mage shows,8,21,29,72%
heard tha,5,13,18,72%
letter fro,10,26,36,72%
ake care care,5,13,18,72%
o win win,5,13,18,72%
oin date date,25,65,90,72%
rev article article,5,13,18,72%
ews stories stories,27,70,97,72%
ate sep sep,12,31,43,72%
ou don,19,49,68,72%
quote fro,7,18,25,72%
spokesman fo,7,18,25,72%
op stories stories,7,18,25,72%
osts page,7,18,25,72%
iew profile profile,78,196,274,72%
comment loadin,4,10,14,71%
feel lik,4,10,14,71%
forum membe,4,10,14,71%
man name,10,25,35,71%
put m,4,10,14,71%
wave o,4,10,14,71%
wonder i,6,15,21,71%
bt pulse pulse,4,10,14,71%
econd look look,6,15,21,71%
en john john,4,10,14,71%
ewsletter keeps keeps,4,10,14,71%
hotograph shows shows,4,10,14,71%
hought i i,4,10,14,71%
iggest stories stories,4,10,14,71%
ilder maps maps,6,15,21,71%
o learn learn,4,10,14,71%
o post post,4,10,14,71%
resident hillary hillary,4,10,14,71%
t s s,4,10,14,71%
iew forum forum,81,201,282,71%
uestion show show,19,47,66,71%
reply cance,15,37,52,71%
member o,18,44,62,71%
op post post,9,22,31,71%
lot o,82,200,282,71%
acebook twitter twitter,14,34,48,71%
mail address address,7,17,24,71%
s someone someone,7,17,24,71%
essage view view,12,29,41,71%
fan o,5,12,17,71%
version o,5,12,17,71%
acebook twitter twitter,40,96,136,71%
ast week,5,12,17,71%
log entries,5,12,17,71%
n nov,5,12,17,71%
olitics pregnancy pregnancy,5,12,17,71%
oston marathon marathon,5,12,17,71%
age subscribe subscribe,8,19,27,70%
inance food food,8,19,27,70%
ood tech tech,8,19,27,70%
witter email email,8,19,27,70%
campaign sto,6,14,20,70%
story i,6,14,20,70%
ank sr sr,9,21,30,70%
assword register register,6,14,20,70%
earch rank rank,9,21,30,70%
ews story story,6,14,20,70%
lease enter,6,14,20,70%
rade center,6,14,20,70%
web sit,16,37,53,70%
hare tweet tweet,16,37,53,70%
portion o,10,23,33,70%
question sho,20,46,66,70%
web searc,10,23,33,70%
ate dec dec,10,23,33,70%
nd i i,7,16,23,70%
o connect connect,7,16,23,70%
____________________________________________________________________________________________________________________________________________________________________________________________
bush ha,11,25,36,69%
dont thin,11,25,36,69%
ommentator andy andy,11,25,36,69%
hread tools tools,19,43,62,69%
ames bond bond,4,9,13,69%
ate thread thread,4,9,13,69%
e doesn,8,18,26,69%
hread subject subject,4,9,13,69%
ideo hiding hiding,4,9,13,69%
mail facebook facebook,12,27,39,69%
o content content,4,9,13,69%
oderator join join,4,9,13,69%
olicy terms terms,4,9,13,69%
op alert alert,8,18,26,69%
ports finance finance,8,18,26,69%
r subscribe subscribe,4,9,13,69%
re members members,4,9,13,69%
rom time time,4,9,13,69%
witter linkedin linkedin,4,9,13,69%
witter reddit reddit,4,9,13,69%
y date date,4,9,13,69%
ll rights rights,52,116,168,69%
ct th th,9,20,29,69%
oin date date,19,42,61,69%
s secretary secretary,19,42,61,69%
hospital i,5,11,16,69%
allas morning morning,5,11,16,69%
earch query,10,22,32,69%
earch query query,10,22,32,69%
ews animals animals,5,11,16,69%
hotograph show,10,22,32,69%
o ann ann,5,11,16,69%
ote donald donald,5,11,16,69%
trange news news,5,11,16,69%
series o,50,109,159,69%
acebook twitter twitter,6,13,19,68%
dit invite invite,6,13,19,68%
eam member member,6,13,19,68%
eligion business business,6,13,19,68%
ike donald donald,6,13,19,68%
nd david,6,13,19,68%
rom snopes,6,13,19,68%
da view view,25,54,79,68%
trip t,14,30,44,68%
ser join join,14,30,44,68%
need t,8,17,25,68%
ahoo yahoo yahoo,8,17,25,68%
ate jun jun,8,17,25,68%
foot visit visit,8,17,25,68%
isit homepage homepage,8,17,25,68%
orld fraud fraud,8,17,25,68%
raud afoot afoot,8,17,25,68%
bush wa,9,19,28,68%
way t,18,38,56,68%
ech weather weather,9,19,28,68%
egends list list,9,19,28,68%
oin date date,29,61,90,68%
ersion email email,11,23,34,68%
egends reference reference,75,156,231,68%
r example example,13,27,40,68%
earch query query,17,35,52,67%
oin date date,18,37,55,67%
erms privacy privacy,26,53,79,67%
rivacy answers answers,26,53,79,67%
brand o,5,10,15,67%
friend wh,5,10,15,67%
john mccai,9,18,27,67%
share thi,5,10,15,67%
thank yo,10,20,30,67%
time whe,5,10,15,67%
visit t,11,22,33,67%
woman o,10,20,30,67%
acebook prev prev,5,10,15,67%
ain skip skip,20,40,60,67%
ate nov nov,10,20,30,67%
earch contact contact,7,14,21,67%
earch search search,5,10,15,67%
ersion subscribe subscribe,8,16,24,67%
ew post post,10,20,30,67%
ib score,13,26,39,67%
inkedin share share,9,18,27,67%
lease log log,27,54,81,67%
lease sign sign,9,18,27,67%
log posts posts,7,14,21,67%
ope message message,6,12,18,67%
orld war war,8,16,24,67%
orums home home,6,12,18,67%
s loading loading,5,10,15,67%
t guantanamo guantanamo,11,22,33,67%
v religion religion,7,14,21,67%
laim photograph photograph,73,145,218,67%
hotograph shows,142,282,424,67%
iew desktop desktop,27,53,80,66%
ate jan jan,16,31,47,66%
ersion terms terms,27,52,79,66%
earch query query,13,25,38,66%
reast cancer cancer,12,23,35,66%
rticle photograph photograph,12,23,35,66%
m email email,11,21,32,66%
ormer secretary secretary,11,21,32,66%
resident bush bush,11,21,32,66%
car cras,20,38,58,66%
resident george,90,171,261,66%
son o,9,17,26,65%
texas woma,9,17,26,65%
witter facebook facebook,18,34,52,65%
ve bee,8,15,23,65%
work o,8,15,23,65%
lay music music,8,15,23,65%
oin date date,30,56,86,65%
o show show,7,13,20,65%
pp app app,7,13,20,65%
weet share share,7,13,20,65%
want t,62,115,177,65%
piece o,45,83,128,65%
orld war,19,35,54,65%
hope yo,6,11,17,65%
man wit,6,11,17,65%
e dont dont,12,22,34,65%
earch thread thread,6,11,17,65%
nimals history history,6,11,17,65%
s espa espa,6,11,17,65%
woman wh,23,42,65,65%
ew york,11,20,31,65%
oogle share share,11,20,31,65%
elp feedback feedback,27,49,76,64%
lickr tools tools,27,49,76,64%
oin date date,21,38,59,64%
econd look,5,9,14,64%
ews sports sports,25,45,70,64%
f bugs bugs,5,9,14,64%
hich shows,5,9,14,64%
hread tools,5,9,14,64%
tate john john,5,9,14,64%
earch queries queries,13,23,36,64%
hread tools tools,8,14,22,64%
re offering offering,8,14,22,64%
ahoo products products,23,40,63,63%
christmas tre,11,19,30,63%
citizen o,11,19,30,63%
girl name,11,19,30,63%
mail address address,11,19,30,63%
movie theate,7,12,19,63%
ections news news,7,12,19,63%
omments links links,7,12,19,63%
orld huffpost huffpost,7,12,19,63%
t blackberry blackberry,7,12,19,63%
cience society society,22,37,59,63%
ball gir,6,10,16,62%
police office,18,30,48,62%
tunnel i,6,10,16,62%
e password password,9,15,24,62%
e wasn,6,10,16,62%
earch queries queries,12,20,32,62%
elp copyright copyright,6,10,16,62%
f america america,6,10,16,62%
hare help help,6,10,16,62%
hen i i,6,10,16,62%
o help help,6,10,16,62%
o post post,9,15,24,62%
r sign sign,6,10,16,62%
eorge w w,236,392,628,62%
hare share share,17,28,45,62%
alware threats threats,14,23,37,62%
cam victim victim,14,23,37,62%
ealth home home,14,23,37,62%
ecurity malware malware,14,23,37,62%
ecurity spam spam,14,23,37,62%
ictim stories stories,14,23,37,62%
mail security security,14,23,37,62%
ontrol extras extras,14,23,37,62%
pam control control,14,23,37,62%
think tha,11,18,29,62%
rivate reply reply,66,108,174,62%
s house house,11,18,29,62%
recall o,8,13,21,62%
n today,8,13,21,62%
re reading reading,8,13,21,62%
t s s,13,21,34,62%
friend o,23,37,60,62%
ociety culture culture,23,37,60,62%
cant believ,5,8,13,62%
m sur,5,8,13,62%
ampaign manager manager,5,8,13,62%
anager robby robby,5,8,13,62%
eference pages pages,5,8,13,62%
essage browse browse,5,8,13,62%
ews news news,5,8,13,62%
hread tools tools,20,32,52,62%
lock forum forum,5,8,13,62%
mail forward forward,5,8,13,62%
o win,5,8,13,62%
omment name name,5,8,13,62%
ore presentations presentations,5,8,13,62%
ork city city,5,8,13,62%
orum stats stats,5,8,13,62%
ou re,5,8,13,62%
s i i,5,8,13,62%
tats member member,5,8,13,62%
ew york york,57,91,148,61%
f defense defense,12,19,31,61%
pizza deliver,7,11,18,61%
think yo,7,11,18,61%
ascar sprint sprint,7,11,18,61%
ecurity computer computer,14,22,36,61%
interest linkedin linkedin,7,11,18,61%
resident harry harry,7,11,18,61%
ews entertainment entertainment,9,14,23,61%
car acciden,33,51,84,61%
weet comments,13,20,33,61%
inance screen screen,17,26,43,60%
ports finance finance,17,26,43,60%
enator john john,19,29,48,60%
cience mathematics mathematics,21,32,53,60%
ew york york,112,170,282,60%
comment i,6,9,15,60%
pack o,6,9,15,60%
quote selec,8,12,20,60%
ate jul jul,14,21,35,60%
bi director director,6,9,15,60%
cams phone phone,12,18,30,60%
ew window window,8,12,20,60%
ews news news,8,12,20,60%
ews politics politics,6,9,15,60%
lection donald donald,8,12,20,60%
mail june june,6,9,15,60%
merica world world,6,9,15,60%
ost contents contents,12,18,30,60%
ou wont wont,16,24,40,60%
ahoo yahoo yahoo,17,25,42,60%
mail news news,17,25,42,60%
comment o,13,19,32,59%
heriff s s,13,19,32,59%
evolution tech tech,11,16,27,59%
mail share share,11,16,27,59%
letter t,20,29,49,59%
isplay modes,9,13,22,59%
nopes claim,9,13,22,59%
hildren sorry sorry,30,43,73,59%
rom snopes snopes,30,43,73,59%
view replie,44,63,107,59%
iew replies replies,79,113,192,59%
speech i,14,20,34,59%
ddities security security,14,20,34,59%
odays posts posts,7,10,17,59%
hen i i,24,34,58,59%
ews world world,39,55,94,59%
upport donald donald,10,14,24,58%
couple o,51,71,122,58%
facebook twee,8,11,19,58%
acebook tweet tweet,8,11,19,58%
enator barack barack,8,11,19,58%
ohn mccain,8,11,19,58%
y crooks crooks,8,11,19,58%
man wh,35,48,83,58%
rom wikipedia wikipedia,11,15,26,58%
please lo,14,19,33,58%
r sign sign,94,127,221,57%
case o,15,20,35,57%
cience voices voices,12,16,28,57%
enator bernie bernie,6,8,14,57%
enator harry harry,6,8,14,57%
interest share share,9,12,21,57%
m response response,42,56,98,57%
mail address address,6,8,14,57%
nder settings settings,6,8,14,57%
ohn mccain mccain,6,8,14,57%
olitics government government,15,20,35,57%
ood morning morning,6,8,14,57%
resident john,6,8,14,57%
sta p p,6,8,14,57%
witter google google,9,12,21,57%
m post post,28,37,65,57%
company tha,16,21,37,57%
resident george george,16,21,37,57%
ogin home home,33,43,76,57%
op show show,33,43,76,57%
rofile login login,33,43,76,57%
ashington dc dc,10,13,23,57%
m pst pst,24,31,55,56%
bush i,7,9,16,56%
buse transcript transcript,14,18,32,56%
ed cruz,7,9,16,56%
eport abuse abuse,14,18,32,56%
linton email email,7,9,16,56%
o use use,7,9,16,56%
rue messages messages,14,18,32,56%
t s s,7,9,16,56%
link ha,11,14,25,56%
y daryl daryl,11,14,25,56%
ets politics politics,15,19,34,56%
opics post post,30,38,68,56%
comment shar,8,10,18,56%
line o,8,10,18,56%
think th,12,15,27,56%
time o,8,10,18,56%
egister faq faq,8,10,18,56%
egister log log,8,10,18,56%
irector james james,8,10,18,56%
iscuss archives archives,8,10,18,56%
o michelle michelle,8,10,18,56%
oul android android,12,15,27,56%
rticle photographs photographs,8,10,18,56%
t walter walter,8,10,18,56%
y thomas thomas,8,10,18,56%
rticle skip skip,31,38,69,55%
message o,9,11,20,55%
mail bonus bonus,9,11,20,55%
saw thi,14,17,31,55%
bi director director,42,51,93,55%
usinesses news news,14,17,31,55%
vents pets pets,14,17,31,55%
ost article article,29,35,64,55%
letter o,10,12,22,55%
cience money money,30,36,66,55%
ealth science science,30,36,66,55%
elow shows shows,15,18,33,55%
port australia australia,30,36,66,55%
ashion finder finder,31,37,68,54%
ideo travel travel,31,37,68,54%
oney video video,31,37,68,54%
omment newer newer,21,25,46,54%
ew york york,11,13,24,54%
ham sandwic,6,7,13,54%
moment t,6,7,13,54%
roller coaste,6,7,13,54%
superman poste,6,7,13,54%
andidate bernie bernie,6,7,13,54%
olitics sports sports,6,7,13,54%
ports entertainment entertainment,6,7,13,54%
reedom information information,6,7,13,54%
rote pm pm,6,7,13,54%
m profile profile,62,72,134,54%
hare sorry sorry,34,39,73,53%
comment hom,7,8,15,53%
period o,7,8,15,53%
ashion luxury luxury,7,8,15,53%
end pm pm,63,72,135,53%
ulture business business,7,8,15,53%
uxury tech tech,7,8,15,53%
comment newe,22,25,47,53%
ew york york,15,17,32,53%
chicken votin,8,9,17,53%
r register register,8,9,17,53%
witter share share,9,10,19,53%
interest email email,10,11,21,52%
n june,20,22,42,52%
bowl o,11,12,23,52%
rivate email email,24,26,50,52%
ideo download download,27,29,56,52%
atire oddities oddities,14,15,29,52%
irector james james,34,36,70,51%
hare twitter twitter,22,23,45,51%
ownload mp4 mp4,22,23,45,51%
witter print print,22,23,45,51%
cience television television,23,24,47,51%
elevision food food,23,24,47,51%
ics news news,23,24,47,51%
itness futurology futurology,23,24,47,51%
okes sports sports,23,24,47,51%
ood fitness fitness,23,24,47,51%
pace diy diy,23,24,47,51%
rt books books,23,24,47,51%
ocumentaries gadgets gadgets,24,25,49,51%
andidate hillary hillary,13,13,26,50%
eorge hw hw,12,12,24,50%
ork times times,13,13,26,50%
lay video video,31,30,61,49%
omments post,31,30,61,49%
earch topics topics,29,28,57,49%
rowse search search,29,28,57,49%
nd i i,16,15,31,48%
onsumer electronics electronics,14,13,27,48%
hotographs show show,26,24,50,48%
residentelect donald donald,12,11,23,48%
microwave ove,11,10,21,48%
think w,22,20,42,48%
rue origins origins,11,10,21,48%
phone numbe,10,9,19,47%
port football football,10,9,19,47%
taxpayer votin,9,8,17,47%
ew york york,9,8,17,47%
s olympic olympic,9,8,17,47%
m pdt pdt,50,44,94,47%
isit homepage homepage,8,7,15,47%
roject veritas veritas,8,7,15,47%
rom los los,8,7,15,47%
rue yahoo yahoo,8,7,15,47%
friend bookmar,15,13,28,46%
ducation reference reference,15,13,28,46%
ood drink drink,15,13,28,46%
riend bookmark bookmark,15,13,28,46%
jump t,7,6,13,46%
question sig,14,12,26,46%
restaurant ru,7,6,13,46%
scene fro,7,6,13,46%
war agains,7,6,13,46%
ahoo answers answers,14,12,26,46%
ames recreation recreation,14,12,26,46%
ars transportation transportation,14,12,26,46%
ategories arts arts,14,12,26,46%
eauty style style,14,12,26,46%
ecreation health health,14,12,26,46%
eference entertainment entertainment,14,12,26,46%
elationships food food,14,12,26,46%
inance cars cars,14,12,26,46%
k edition edition,7,6,13,46%
mt share share,7,6,13,46%
nswers answers answers,14,12,26,46%
nswers home home,14,12,26,46%
ransportation computers computers,14,12,26,46%
rink games games,14,12,26,46%
rts humanities humanities,14,12,26,46%
tyle business business,14,12,26,46%
uestion sign sign,14,12,26,46%
boycott o,18,15,33,45%
o use use,90,75,165,45%
o win win,12,10,22,45%
r dont dont,12,10,22,45%
hilosophy announcements announcements,53,44,97,45%
guide t,11,9,20,45%
mail print print,11,9,20,45%
rofile ignore ignore,11,9,20,45%
fter hurricane hurricane,16,13,29,45%
ews videos videos,47,38,85,45%
ottery scams scams,10,8,18,44%
rofile ignore ignore,10,8,18,44%
rump hillary hillary,10,8,18,44%
s offering,10,8,18,44%
message i,14,11,25,44%
isease control control,9,7,16,44%
nvestigation hillary hillary,9,7,16,44%
lack history history,34,26,60,43%
dont lik,21,16,37,43%
ew york york,21,16,37,43%
book t,8,6,14,43%
earch form form,12,9,21,43%
edia matters matters,8,6,14,43%
essage postmaster postmaster,12,9,21,43%
hite house house,32,24,56,43%
ield marshal marshal,12,9,21,43%
ost facebook facebook,8,6,14,43%
dvertisement home home,11,8,19,42%
f lung lung,11,8,19,42%
ith veterans veterans,11,8,19,42%
ounty sheriff,11,8,19,42%
y username username,69,50,119,42%
ind submissions submissions,71,51,122,42%
earch parameters parameters,76,54,130,42%
bout values values,10,7,17,41%
rl search search,43,30,73,41%
ews radio radio,13,9,22,41%
o content content,78,54,132,41%
rgent prayer prayer,13,9,22,41%
y subscriptions subscriptions,78,54,132,41%
tribute t,16,11,27,41%
rom search search,63,43,106,41%
ind submissions submissions,66,45,111,41%
____________________________________________________________________________________________________________________________________________________________________________________________
eality tv tv,9,6,15,40%
eam source source,9,6,15,40%
ews latino latino,12,8,20,40%
hare tweet tweet,12,8,20,40%
ig bang bang,9,6,15,40%
irlines flight flight,12,8,20,40%
ther discussions,45,30,75,40%
ctober share share,17,11,28,39%
adio fox fox,14,9,23,39%
ashion environment environment,11,7,18,39%
comment ther,30,19,49,39%
florida ma,8,5,13,38%
football gam,8,5,13,38%
chool football football,8,5,13,38%
dvertise jobs jobs,8,5,13,38%
embers posts posts,8,5,13,38%
hare share share,8,5,13,38%
nd muffins muffins,8,5,13,38%
rofile ignore ignore,16,10,26,38%
rticle recounts recounts,8,5,13,38%
ww gifs gifs,8,5,13,38%
request fo,13,8,21,38%
ocation guwahati guwahati,13,8,21,38%
alues team team,10,6,16,38%
ategory mobile mobile,10,6,16,38%
d advertise advertise,10,6,16,38%
dition ad ad,10,6,16,38%
hare twitter twitter,10,6,16,38%
mage view view,10,6,16,38%
ntry random random,10,6,16,38%
andom pics pics,24,14,38,37%
cience history history,24,14,38,37%
elevision jokes jokes,24,14,38,37%
istory books books,24,14,38,37%
iy documentaries documentaries,24,14,38,37%
mail march march,12,7,19,37%
ocumentaries gadgets gadgets,24,14,38,37%
okes food food,24,14,38,37%
ood fitness fitness,24,14,38,37%
ovies music music,24,14,38,37%
ox business business,12,7,19,37%
pace science science,24,14,38,37%
ports space space,24,14,38,37%
reepy futurology futurology,24,14,38,37%
rt philosophy philosophy,24,14,38,37%
house fir,9,5,14,36%
ode advertise advertise,9,5,14,36%
omments comments comments,9,5,14,36%
ource code code,9,5,14,36%
ost post,29,16,45,36%
rivate reply reply,11,6,17,35%
pace diy diy,24,13,37,35%
enator john john,30,16,46,35%
overnor george,25,13,38,34%
statement tha,10,5,15,33%
week afte,10,5,15,33%
errorist attacks attacks,42,21,63,33%
ream cone cone,10,5,15,33%
y president president,12,6,18,33%
y thousands thousands,14,7,21,33%
hotographs show,187,93,280,33%
laim photographs photographs,84,41,125,33%
azor blades blades,13,6,19,32%
hotographs show show,22,10,32,31%
credit car,9,4,13,31%
acebook google google,9,4,13,31%
bi investigation investigation,9,4,13,31%
eference pages pages,9,4,13,31%
ew land land,9,4,13,31%
ew orleans orleans,9,4,13,31%
gnore mon mon,9,4,13,31%
laim video video,9,4,13,31%
rade center center,27,12,39,31%
reat numbers numbers,9,4,13,31%
s home home,9,4,13,31%
f george,16,7,23,30%
resident harry,16,7,23,30%
ics videos videos,23,10,33,30%
y george,14,6,20,30%
ctor paul paul,26,11,37,30%
ctor denzel denzel,12,5,17,29%
image hidde,17,7,24,29%
cience television television,22,9,31,29%
elevision europe europe,22,9,31,29%
hilosophy bundesliga bundesliga,22,9,31,29%
itness music music,22,9,31,29%
iy creepy creepy,22,9,31,29%
nnouncements gadgets gadgets,22,9,31,29%
ocumentaries sports sports,22,9,31,29%
okes fitness fitness,22,9,31,29%
ood books books,22,9,31,29%
ooks space space,22,9,31,29%
ovies science science,22,9,31,29%
ports art art,22,9,31,29%
reepy futurology futurology,22,9,31,29%
speech o,15,6,21,29%
world wa,15,6,21,29%
ins needles needles,10,4,14,29%
laim email email,10,4,14,29%
store mad,13,5,18,28%
arge donation donation,13,5,18,28%
ecounts details details,13,5,18,28%
hotographs shows,13,5,18,28%
ake room room,11,4,15,27%
arry s s,33,12,45,27%
eproduces letter letter,11,4,15,27%
mail reproduces reproduces,11,4,15,27%
hen customers customers,14,5,19,26%
hidden messag,15,5,20,25%
translate tex,15,5,20,25%
ce cream cream,18,6,24,25%
ites reviews,15,5,20,25%
rooke army army,21,7,28,25%
ts offer offer,15,5,20,25%
mage hidden hidden,22,7,29,24%
ranslate text text,16,5,21,24%
age tweet tweet,13,4,17,24%
earch get get,13,4,17,24%
eviews home home,13,4,17,24%
ff share share,13,4,17,24%
ihn bags bags,13,4,17,24%
ownload help help,13,4,17,24%
remium download download,13,4,17,24%
t home home,13,4,17,24%
y bookmarks bookmarks,13,4,17,24%
stand u,10,3,13,23%
aul walker walker,10,3,13,23%
f kids kids,10,3,13,23%
lass action action,20,6,26,23%
tate auditor auditor,10,3,13,23%
uditor beth beth,10,3,13,23%
fire i,17,5,22,23%
resolution honorin,14,4,18,22%
name t,11,3,14,21%
iolinist joshua joshua,11,3,14,21%
log comments comments,59,16,75,21%
ew york york,15,4,19,21%
ounty clerk clerk,15,4,19,21%
fortune cooki,16,4,20,20%
ew york york,12,3,15,20%
r david david,24,6,30,20%
rispy kreme kreme,17,4,21,19%
hone number number,13,3,16,19%
id john john,13,3,16,19%
world o,22,5,27,19%
nder fire fire,14,3,17,18%
krispy krem,19,4,23,17%
nstruction tags tags,15,3,18,17%
ot gon gon,25,5,30,17%
rom cans cans,25,5,30,17%
oint chiefs chiefs,21,4,25,16%
reen eggs eggs,21,4,25,16%
man whos,16,3,19,16%
fter election election,16,3,19,16%
lection day day,16,3,19,16%
lifetime o,11,2,13,15%
bercrombie fitch fitch,11,2,13,15%
o lindsey lindsey,11,2,13,15%
rder pizzas pizzas,11,2,13,15%
topless woma,12,2,14,14%
resident bushs bushs,12,2,14,14%
resident john john,12,2,14,14%
f dustoff dustoff,25,4,29,14%
lake wit,19,3,22,14%
egitimate web web,13,2,15,13%
heir sales sales,13,2,15,13%
rotection act act,13,2,15,13%
tate colin colin,13,2,15,13%
snake trappe,20,3,23,13%
ombat handguns handguns,20,3,23,13%
rom george,20,3,23,13%
hospital visi,14,2,16,12%
ad time time,14,2,16,12%
eigand combat combat,21,3,24,12%
hite house house,14,2,16,12%
isit president president,14,2,16,12%
o light light,21,3,24,12%
y weigand weigand,21,3,24,12%
lerk kim kim,29,4,33,12%
millionaire afte,22,3,25,12%
downright moro,15,2,17,12%
leg i,15,2,17,12%
ack nicholson nicholson,15,2,17,12%
equire insurance insurance,15,2,17,12%
f someone someone,30,4,34,12%
nsurance companies companies,15,2,17,12%
reme doughnut doughnut,15,2,17,12%
disease o,31,4,35,11%
security aler,24,3,27,11%
ancer patient patient,17,2,19,11%
atient protection protection,17,2,19,11%
deer clutche,35,4,39,10%
bush salute,18,2,20,10%
reast cancer cancer,18,2,20,10%
aster island island,19,2,21,10%
m darren darren,29,3,32,9%
ot call call,20,2,22,9%
term signifyin,21,2,23,9%
ot belong belong,44,4,48,8%
alvation army army,57,5,62,8%
l mencke,23,2,25,8%
rue origins origins,23,2,25,8%
desert memoria,12,1,13,8%
mail describes describes,12,1,13,8%
order patrol patrol,12,1,13,8%
reeway work work,12,1,13,8%
rue examples examples,24,2,26,8%
e hasnt hasnt,13,1,14,7%
gain follower follower,26,2,28,7%
nterviewer larry larry,13,1,14,7%
omain hosts hosts,13,1,14,7%
apan offer offer,14,1,15,7%
arack obama obama,14,1,15,7%
armer expresses expresses,14,1,15,7%
hristmas tree tree,14,1,15,7%
indshield wipers wipers,14,1,15,7%
rom world world,14,1,15,7%
rop prices prices,14,1,15,7%
sland heads heads,14,1,15,7%
xpresses dissatisfaction dissatisfaction,14,1,15,7%
rmy bell bell,57,4,61,7%
hows president president,29,2,31,6%
couple rent,15,1,16,6%
video camer,15,1,16,6%
ideo camera camera,15,1,16,6%
minimum hospita,16,1,17,6%
serviceman wh,16,1,17,6%
o cover,16,1,17,6%
hoto radar radar,17,1,18,6%
hursday night night,17,1,18,6%
ther peoples peoples,17,1,18,6%
bacon cheeseburge,18,1,19,5%
ell ringers ringers,18,1,19,5%
ot call call,18,1,19,5%
david hage,19,1,20,5%
ho slander slander,38,2,40,5%
hristmas tree tree,19,1,20,5%
rayer request request,19,1,20,5%
reast cancer cancer,19,1,20,5%
rs bush bush,19,1,20,5%
tv news news,19,1,20,5%
o use use,20,1,21,5%
arge percentage percentage,21,1,22,5%
bama event event,21,1,22,5%
reast cancer cancer,42,2,44,5%
t pm pm,21,1,22,5%
urrency bears bears,22,1,23,4%
hotos show show,23,1,24,4%
reat value value,24,1,25,4%
ears traces traces,25,1,26,4%
illion missile missile,25,1,26,4%
ormer colorado colorado,25,1,26,4%
camel i,27,1,28,4%
ta flight flight,33,1,34,3%
ce cream cream,36,1,37,3%
amuel l l,56,1,57,2%
book signin,19,0,19,0%
bushs ecofriendl,17,0,17,0%
cadbury mapl,16,0,16,0%
classmate i,14,0,14,0%
cookbook calle,15,0,15,0%
foot powde,14,0,14,0%
highway overpas,14,0,14,0%
hoe excavato,14,0,14,0%
kilo pistachi,14,0,14,0%
kilos almond,14,0,14,0%
kilos pin,14,0,14,0%
lava lam,20,0,20,0%
prescription fro,14,0,14,0%
resolution commendin,13,0,13,0%
sheriff attribute,15,0,15,0%
town calle,13,0,13,0%
waste m,17,0,17,0%
acebook account account,21,0,21,0%
adbury adams adams,15,0,15,0%
adbury chocolate chocolate,15,0,15,0%
adbury maple maple,18,0,18,0%
adio commentator commentator,13,0,13,0%
af chocolate chocolate,16,0,16,0%
air care care,13,0,13,0%
alifornia home home,25,0,25,0%
allons water,13,0,13,0%
amie foxx foxx,13,0,13,0%
ans salvation salvation,13,0,13,0%
aptures president president,13,0,13,0%
arbara bush bush,19,0,19,0%
argain hunter hunter,21,0,21,0%
arge size size,14,0,14,0%
arget bans bans,13,0,13,0%
arkland burn burn,18,0,18,0%
arry von von,13,0,13,0%
artoon figures figures,13,0,13,0%
ascar driver driver,14,0,14,0%
ast jerusalem jerusalem,13,0,13,0%
ava lamp lamp,18,0,18,0%
azor blades blades,24,0,24,0%
azor blades blades,15,0,15,0%
b singer singer,16,0,16,0%
ccount comment comment,21,0,21,0%
conomics teachers teachers,15,0,15,0%
creen shot shot,13,0,13,0%
ctober photo photo,29,0,29,0%
ctober photo photo,16,0,16,0%
ctor jack jack,18,0,18,0%
ctor jamie jamie,18,0,18,0%
ctor samuel,17,0,17,0%
ea label label,14,0,14,0%
eat traffic traffic,15,0,15,0%
ecurity alert alert,16,0,16,0%
ecurity alert alert,16,0,16,0%
edium size,14,0,14,0%
edium size size,14,0,14,0%
eer flood flood,16,0,16,0%
elevision news news,13,0,13,0%
ell computers computers,16,0,16,0%
ell ringers ringers,14,0,14,0%
ells security security,14,0,14,0%
elt law law,14,0,14,0%
en jerry,18,0,18,0%
enator bill bill,15,0,15,0%
enator john john,26,0,26,0%
er body body,18,0,18,0%
er body body,16,0,16,0%
er man man,15,0,15,0%
er walker walker,18,0,18,0%
ews screen screen,13,0,13,0%
exas roadhouse roadhouse,13,0,13,0%
f michigan michigan,14,0,14,0%
f wire wire,14,0,14,0%
fter consumers consumers,14,0,14,0%
fter rb rb,16,0,16,0%
hark attack attack,18,0,18,0%
heir fathers fathers,18,0,18,0%
heir sons sons,18,0,18,0%
hem feel feel,26,0,26,0%
hickens medium medium,14,0,14,0%
ho kill kill,33,0,33,0%
hole camel camel,14,0,14,0%
hole chickens chickens,14,0,14,0%
hole lamb lamb,14,0,14,0%
hole stuffed stuffed,20,0,20,0%
hould i i,17,0,17,0%
hristmas light light,15,0,15,0%
ia disqus disqus,21,0,21,0%
ideo captures captures,14,0,14,0%
igger blacker blacker,13,0,13,0%
ilo pistachio pistachio,14,0,14,0%
ilos almonds,14,0,14,0%
ilos rice,14,0,14,0%
ine nuts,14,0,14,0%
ink albino albino,13,0,13,0%
isqus account account,21,0,21,0%
istachio nuts nuts,14,0,14,0%
ith clever clever,13,0,13,0%
l gores gores,18,0,18,0%
lanket idiocy idiocy,16,0,16,0%
layground equipment equipment,17,0,17,0%
lbino bottlenose bottlenose,21,0,21,0%
lert system system,16,0,16,0%
mbria region region,14,0,14,0%
mpire state state,54,0,54,0%
nd kill kill,31,0,31,0%
nder siege siege,16,0,16,0%
o kill kill,27,0,27,0%
o playground playground,29,0,29,0%
o problems problems,13,0,13,0%
o secretary secretary,13,0,13,0%
oda bottles bottles,13,0,13,0%
odays actions actions,13,0,13,0%
offee stirrers stirrers,13,0,13,0%
ohn lennon lennon,16,0,16,0%
olin l l,13,0,13,0%
ommentator gordon gordon,14,0,14,0%
onda accord accord,17,0,17,0%
ondon beer beer,20,0,20,0%
ood inspection inspection,25,0,25,0%
ord combat combat,16,0,16,0%
oston market,13,0,13,0%
ot relevant relevant,17,0,17,0%
oul train train,23,0,23,0%
ovember daniel daniel,15,0,15,0%
r jack jack,20,0,20,0%
rade center center,19,0,19,0%
raffic charges charges,15,0,15,0%
rain bombings bombings,14,0,14,0%
rand canyon canyon,31,0,31,0%
ree display display,14,0,14,0%
resident bush bush,13,0,13,0%
resident bush bush,16,0,16,0%
resident bush bush,13,0,13,0%
ress secretary secretary,17,0,17,0%
river tony tony,16,0,16,0%
roblem muslims muslims,18,0,18,0%
roduct descriptions descriptions,25,0,25,0%
rue origins origins,17,0,17,0%
seless noisy noisy,15,0,15,0%
t johns johns,13,0,13,0%
t parkland parkland,13,0,13,0%
t st st,14,0,14,0%
tar donna donna,18,0,18,0%
tar trek trek,13,0,13,0%
tate building building,18,0,18,0%
tate colin,13,0,13,0%
vc ladder ladder,14,0,14,0%
vs stores stores,13,0,13,0%
weet tea tea,21,0,21,0%
y dells dells,14,0,14,0%
y dr dr,15,0,15,0%
y neighbours neighbours,14,0,14,0%
y razor razor,15,0,15,0%